antecedents,consequents,antecedent support,consequent support,support,confidence,lift,representativity,leverage,conviction,zhangs_metric,jaccard,certainty,kulczynski
"frozenset({'õ', 'e'})",frozenset({'ẽ'}),0.11422254974207811,0.11532792925571113,0.10206337509211497,0.8935483870967742,7.747892404411007,1.0,0.08889032495605363,8.310555816082715,0.9832409281762646,0.800578034682081,0.8796711047816098,0.8892662063279398
frozenset({'ẽ'}),"frozenset({'õ', 'e'})",0.11532792925571113,0.11422254974207811,0.10206337509211497,0.8849840255591055,7.747892404411007,1.0,0.08889032495605363,7.701342831409158,0.9844694674451228,0.800578034682081,0.8701525147119019,0.8892662063279398
"frozenset({'o', 'ẽ'})",frozenset({'õ'}),0.10943257184966838,0.1234340456890199,0.10316875460574797,0.9427609427609427,7.637770742248353,1.0,0.08966104953218905,15.31412284884475,0.9758629351616526,0.7954545454545453,0.9347007980887762,0.8892909191416654
frozenset({'õ'}),"frozenset({'o', 'ẽ'})",0.1234340456890199,0.10943257184966838,0.10316875460574797,0.8358208955223879,7.637770742248353,1.0,0.08966104953218905,5.424365244188379,0.9914504894013092,0.7954545454545453,0.8156466323739184,0.8892909191416654
frozenset({'ẽ'}),"frozenset({'o', 'õ'})",0.11532792925571113,0.12159174649963155,0.10316875460574797,0.8945686900958466,7.3571497724852355,1.0,0.0891458302673601,8.33156919229137,0.9767210091033497,0.7713498622589531,0.8799745909899864,0.8715267692903474
"frozenset({'o', 'õ'})",frozenset({'ẽ'}),0.12159174649963155,0.11532792925571113,0.10316875460574797,0.8484848484848484,7.357149772485235,1.0,0.0891458302673601,5.838835666912304,0.9836858820709492,0.7713498622589531,0.8287329774210239,0.8715267692903474
frozenset({'ẽ'}),"frozenset({'õ', 'i'})",0.11532792925571113,0.12269712601326456,0.10316875460574797,0.8945686900958466,7.290869143904287,1.0,0.08901834913701112,8.321084835086307,0.9753242696495508,0.7650273224043714,0.8798233619992136,0.8677047654683436
"frozenset({'õ', 'i'})",frozenset({'ẽ'}),0.12269712601326456,0.11532792925571113,0.10316875460574797,0.8408408408408408,7.2908691439042865,1.0,0.08901834913701112,5.558411312412227,0.9835168296634068,0.7650273224043714,0.8200924789846071,0.8677047654683436
"frozenset({'ẽ', 'i'})",frozenset({'õ'}),0.11532792925571113,0.1234340456890199,0.10316875460574797,0.8945686900958466,7.247341566925754,1.0,0.08893336171677846,8.314095263616263,0.9743931100136847,0.7608695652173911,0.8797223307776914,0.8651947928091173
frozenset({'ẽ'}),frozenset({'õ'}),0.11532792925571113,0.1234340456890199,0.10316875460574797,0.8945686900958466,7.247341566925754,1.0,0.08893336171677846,8.314095263616263,0.9743931100136847,0.7608695652173911,0.8797223307776914,0.8651947928091173
frozenset({'õ'}),frozenset({'ẽ'}),0.1234340456890199,0.11532792925571113,0.10316875460574797,0.8358208955223879,7.247341566925753,1.0,0.08893336171677846,5.388457158169755,0.9834038911907764,0.7608695652173911,0.8144181218024826,0.8651947928091173
frozenset({'õ'}),"frozenset({'ẽ', 'i'})",0.1234340456890199,0.11532792925571113,0.10316875460574797,0.8358208955223879,7.247341566925753,1.0,0.08893336171677846,5.388457158169755,0.9834038911907764,0.7608695652173911,0.8144181218024826,0.8651947928091173
"frozenset({'ẽ', 'e'})",frozenset({'õ'}),0.11422254974207811,0.1234340456890199,0.10206337509211497,0.8935483870967742,7.239075589792971,1.0,0.08796442366853495,8.234407449587994,0.9729992731728708,0.7527173913043479,0.8785583533336045,0.8602070293692826
frozenset({'õ'}),"frozenset({'ẽ', 'e'})",0.1234340456890199,0.11422254974207811,0.10206337509211497,0.826865671641791,7.239075589792971,1.0,0.08796442366853495,5.116128376489721,0.9832241499401352,0.7527173913043479,0.8045396975190603,0.8602070293692826
"frozenset({'ĩ', 'e'})",frozenset({'ẽ'}),0.15217391304347827,0.11532792925571113,0.1079587324981577,0.7094430992736077,6.151528982199908,1.0,0.0904088302201147,3.044746376811594,0.9877483153933666,0.6766743648960738,0.6715654191705837,0.8227726678476665
frozenset({'ẽ'}),"frozenset({'ĩ', 'e'})",0.11532792925571113,0.15217391304347827,0.1079587324981577,0.9361022364217252,6.151528982199908,1.0,0.0904088302201147,13.268478260869554,0.9466092768513688,0.6766743648960738,0.924633407061522,0.8227726678476665
frozenset({'ẽ'}),"frozenset({'ã', 'e'})",0.11532792925571113,0.14959469417833457,0.10316875460574797,0.8945686900958466,5.979949322463368,1.0,0.08591630829851926,8.065965476429733,0.9413369429404415,0.6378132118451024,0.8760222811612338,0.7921119312548198
"frozenset({'a', 'ʊ'})",frozenset({'ɪ'}),0.12122328666175387,0.14959469417833457,0.1079587324981577,0.8905775075987842,5.95326934882537,1.0,0.08982437200270005,7.771759600425774,0.9467991785977491,0.6628959276018097,0.8713290102353121,0.8061261922230374
frozenset({'ɪ'}),"frozenset({'a', 'ʊ'})",0.14959469417833457,0.12122328666175387,0.1079587324981577,0.7216748768472906,5.953269348825369,1.0,0.08982437200270005,3.157374739958654,0.9783864995475007,0.6628959276018097,0.6832811806136464,0.8061261922230374
"frozenset({'a', 'ɪ'})",frozenset({'ʊ'}),0.12896094325718496,0.14075165806927045,0.1079587324981577,0.8371428571428572,5.9476589379207185,1.0,0.0898072659085318,5.276086310100972,0.9550279216691787,0.6674259681093393,0.8104655721636854,0.8020792819745699
frozenset({'ʊ'}),"frozenset({'a', 'ɪ'})",0.14075165806927045,0.12896094325718496,0.1079587324981577,0.7670157068062827,5.9476589379207185,1.0,0.0898072659085318,3.738617075008487,0.968132936031706,0.6674259681093393,0.7325214163588204,0.8020792819745699
frozenset({'õ'}),"frozenset({'o', 'ĩ'})",0.1234340456890199,0.1529108327192336,0.11201179071481208,0.9074626865671641,5.934587304441647,1.0,0.09313738800260013,9.15402809803408,0.9485838255790803,0.6816143497757848,0.8907584738335292,0.819996403524546
"frozenset({'o', 'ĩ'})",frozenset({'õ'}),0.1529108327192336,0.1234340456890199,0.11201179071481208,0.7325301204819277,5.934587304441647,1.0,0.09313738800260013,3.277251090441952,0.98159239715208,0.6816143497757848,0.6948662240386514,0.819996403524546
frozenset({'ẽ'}),"frozenset({'o', 'ĩ'})",0.11532792925571113,0.1529108327192336,0.1028002947678703,0.8913738019169328,5.829369875668808,1.0,0.08516540506959464,7.798203216437638,0.9364541954591799,0.6213808463251669,0.8717653320585279,0.7818314792717194
frozenset({'ʊ'}),frozenset({'ɪ'}),0.14075165806927045,0.14959469417833457,0.12232866617538689,0.8691099476439791,5.809764526861476,1.0,0.10127296493142085,6.4970965364775255,0.9634886027816238,0.7280701754385965,0.8460850944132405,0.8434219688958812
frozenset({'ɪ'}),frozenset({'ʊ'}),0.14959469417833457,0.14075165806927045,0.12232866617538689,0.8177339901477833,5.809764526861476,1.0,0.10127296493142085,4.714254416538868,0.9735075483911383,0.7280701754385965,0.7878773796145299,0.8434219688958812
"frozenset({'o', 'ã'})",frozenset({'õ'}),0.15106853352984526,0.1234340456890199,0.10685335298452468,0.7073170731707317,5.7303239898070615,1.0,0.08820635271462852,2.9949336772291817,0.9723868534482759,0.6373626373626373,0.6661027896533693,0.7864943574808883
frozenset({'õ'}),"frozenset({'o', 'ã'})",0.1234340456890199,0.15106853352984526,0.10685335298452468,0.8656716417910447,5.7303239898070615,1.0,0.08820635271462852,6.3198231392778155,0.9417315301995912,0.6373626373626373,0.841767723880597,0.7864943574808883
frozenset({'õ'}),"frozenset({'ĩ', 'e'})",0.1234340456890199,0.15217391304347827,0.10611643330876934,0.8597014925373133,5.6494669509594875,1.0,0.0873329915734837,6.043015726179458,0.9388821750502079,0.6260869565217392,0.8345197091465747,0.7785190271403273
frozenset({'õ'}),"frozenset({'ã', 'e'})",0.1234340456890199,0.14959469417833457,0.10132645541635962,0.8208955223880597,5.487464157047276,1.0,0.08286137710031612,4.7480962908376325,0.932920631281287,0.5901287553648068,0.7893892754597894,0.7491177119329462
frozenset({'ũ'}),"frozenset({'ĩ', 'u'})",0.1735445836403832,0.1735445836403832,0.1617538688282977,0.9320594479830148,5.370720470967945,1.0,0.13163614631738374,12.164390659543093,0.9846934578547076,0.8727634194831013,0.9177928407605448,0.9320594479830148
"frozenset({'ĩ', 'u'})",frozenset({'ũ'}),0.1735445836403832,0.1735445836403832,0.1617538688282977,0.9320594479830148,5.370720470967945,1.0,0.13163614631738374,12.164390659543093,0.9846934578547076,0.8727634194831013,0.9177928407605448,0.9320594479830148
frozenset({'ũ'}),"frozenset({'ã', 'u'})",0.1735445836403832,0.1658069270449521,0.15327929255711129,0.8832271762208069,5.3268412361406,1.0,0.12450439843840369,7.143726133851419,0.9828376316060222,0.8237623762376238,0.8600170301516209,0.9038358103326257
"frozenset({'ã', 'u'})",frozenset({'ũ'}),0.1658069270449521,0.1735445836403832,0.15327929255711129,0.9244444444444445,5.3268412361405995,1.0,0.12450439843840369,10.938380510641997,0.97372120481109,0.8237623762376238,0.9085787883291228,0.9038358103326257
"frozenset({'a', 'ẽ'})",frozenset({'ã'}),0.1079587324981577,0.18312453942520265,0.10243183492999262,0.9488054607508533,5.181203260518744,1.0,0.08266194176433883,15.956300663227713,0.9046606580906278,0.54296875,0.9373288319701469,0.7540807987858894
frozenset({'ã'}),"frozenset({'a', 'ũ'})",0.18312453942520265,0.16249078850405305,0.15254237288135594,0.8329979879275654,5.1264320617583055,1.0,0.12278632207571322,5.01496479654802,0.9853797729011002,0.7900763358778627,0.8005968056469038,0.8858867490658235
"frozenset({'a', 'ũ'})",frozenset({'ã'}),0.16249078850405305,0.18312453942520265,0.15254237288135594,0.9387755102040818,5.1264320617583055,1.0,0.12278632207571322,13.34229918938839,0.9611029285181432,0.7900763358778627,0.9250503990500126,0.8858867490658235
"frozenset({'ĩ', 'a'})",frozenset({'ã'}),0.17686072218128224,0.18312453942520265,0.16507000736919675,0.9333333333333332,5.096713615023473,1.0,0.13268246907734071,12.253131908621942,0.976499552372426,0.8468809073724005,0.9183882122989023,0.9173708920187793
frozenset({'ã'}),"frozenset({'ĩ', 'a'})",0.18312453942520265,0.17686072218128224,0.16507000736919675,0.9014084507042253,5.096713615023473,1.0,0.13268246907734071,8.348984103589844,0.9839873703202527,0.8468809073724005,0.8802249486173981,0.9173708920187793
"frozenset({'ĩ', 'ã'})",frozenset({'ũ'}),0.16654384672070743,0.1735445836403832,0.14701547531319087,0.8827433628318585,5.086550927230709,1.0,0.11811269277617789,7.048261286689568,0.9639416844498513,0.7614503816793895,0.8581210373275363,0.8649385603968209
frozenset({'ũ'}),"frozenset({'ĩ', 'ã'})",0.1735445836403832,0.16654384672070743,0.14701547531319087,0.8471337579617835,5.086550927230709,1.0,0.11811269277617789,5.452192336035373,0.9721070397795648,0.7614503816793895,0.8165875416040143,0.8649385603968209
"frozenset({'ã', 'ũ'})",frozenset({'ĩ'}),0.15364775239498896,0.18828297715549006,0.14701547531319087,0.9568345323741007,5.081896126934069,1.0,0.11808621905901277,18.804777695897787,0.9490410833352428,0.7542533081285445,0.946822024903908,0.8688282250911599
frozenset({'ĩ'}),"frozenset({'ã', 'ũ'})",0.18828297715549006,0.15364775239498896,0.14701547531319087,0.7808219178082192,5.081896126934069,1.0,0.11808621905901277,3.861482129697863,0.9895358004634828,0.7542533081285445,0.7410320787686142,0.8688282250911599
frozenset({'ũ'}),"frozenset({'ĩ', 'e'})",0.1735445836403832,0.15217391304347827,0.13338246131171702,0.7685774946921444,5.050652107976949,1.0,0.1069735029316587,3.663542082169925,0.970416248956237,0.6934865900383143,0.7270401219445806,0.8225454059417139
"frozenset({'ĩ', 'e'})",frozenset({'ũ'}),0.15217391304347827,0.1735445836403832,0.13338246131171702,0.8765133171912832,5.050652107976949,1.0,0.1069735029316587,6.692668371696501,0.9459555177787222,0.6934865900383143,0.8505827654289535,0.8225454059417139
"frozenset({'a', 'ẽ'})",frozenset({'ĩ'}),0.1079587324981577,0.18828297715549006,0.10243183492999262,0.9488054607508533,5.039252486257956,1.0,0.08210504336530633,15.855539179562767,0.8985659056398003,0.5285171102661597,0.9369305585464438,0.746418385952726
frozenset({'ẽ'}),"frozenset({'ĩ', 'a'})",0.11532792925571113,0.17686072218128224,0.10243183492999262,0.888178913738019,5.021911608093716,1.0,0.08203485407415573,7.361216970207383,0.9052762787687384,0.5398058252427185,0.8641528969941735,0.7336727902023428
"frozenset({'ẽ', 'e'})",frozenset({'ĩ'}),0.11422254974207811,0.18828297715549006,0.1079587324981577,0.9451612903225806,5.01989773372893,1.0,0.08645257077442818,14.801898651870452,0.9040563792995747,0.5549242424242424,0.9324410993806099,0.7592734044567893
"frozenset({'õ', 'a'})",frozenset({'ã'}),0.11643330876934414,0.18312453942520265,0.10685335298452468,0.9177215189873418,5.011461172095866,1.0,0.08553155694238612,9.928178674678307,0.9059388570935549,0.5544933078393882,0.8992765911283922,0.7506112625117796
"frozenset({'ũ', 'e'})",frozenset({'ĩ'}),0.1414885777450258,0.18828297715549006,0.13338246131171702,0.9427083333333333,5.006869699934768,1.0,0.10674257066038756,14.168151671467792,0.9321651293481612,0.6791744840525328,0.9294191632622181,0.8255616030658839
frozenset({'ĩ'}),"frozenset({'ũ', 'e'})",0.18828297715549006,0.1414885777450258,0.13338246131171702,0.7084148727984344,5.006869699934768,1.0,0.10674257066038756,2.9442908508207504,0.9859032008085409,0.6791744840525328,0.6603596415343137,0.8255616030658839
frozenset({'ẽ'}),"frozenset({'ĩ', 'i'})",0.11532792925571113,0.18828297715549006,0.10869565217391304,0.9424920127795526,5.005720788030735,1.0,0.08698136630447001,14.114857119462847,0.9045482461403793,0.5576559546313798,0.9291526657665483,0.759895712847702
frozenset({'ẽ'}),frozenset({'ĩ'}),0.11532792925571113,0.18828297715549006,0.10869565217391304,0.9424920127795526,5.005720788030735,1.0,0.08698136630447001,14.114857119462847,0.9045482461403793,0.5576559546313798,0.9291526657665483,0.759895712847702
"frozenset({'ẽ', 'i'})",frozenset({'ĩ'}),0.11532792925571113,0.18828297715549006,0.10869565217391304,0.9424920127795526,5.005720788030735,1.0,0.08698136630447001,14.114857119462847,0.9045482461403793,0.5576559546313798,0.9291526657665483,0.759895712847702
"frozenset({'o', 'ũ'})",frozenset({'ĩ'}),0.1400147383935151,0.18828297715549006,0.13190862196020633,0.9421052631578947,5.003666700999073,1.0,0.10554623016982821,14.020566758223337,0.9304189226063103,0.6716697936210131,0.9286762070860309,0.8213461736533113
frozenset({'ĩ'}),"frozenset({'o', 'ũ'})",0.18828297715549006,0.1400147383935151,0.13190862196020633,0.700587084148728,5.003666700999073,1.0,0.10554623016982821,2.872238357391593,0.9857456946723233,0.6716697936210131,0.651839480025556,0.8213461736533113
"frozenset({'o', 'ẽ'})",frozenset({'ĩ'}),0.10943257184966838,0.18828297715549006,0.1028002947678703,0.9393939393939393,4.989266441321235,1.0,0.08219600434223266,13.393330876934401,0.8978205453307886,0.5274102079395083,0.9253359743600323,0.7426910988554823
frozenset({'ã'}),"frozenset({'ũ', 'e'})",0.18312453942520265,0.1414885777450258,0.12896094325718496,0.704225352112676,4.977259389671361,1.0,0.10305091262370014,2.9025862371477698,0.9782228236355437,0.6591337099811676,0.6554796590703016,0.8078418427230046
"frozenset({'ũ', 'e'})",frozenset({'ã'}),0.1414885777450258,0.18312453942520265,0.12896094325718496,0.9114583333333333,4.977259389671361,1.0,0.10305091262370014,9.225887554727114,0.9307811158798284,0.6591337099811676,0.8916093444594797,0.8078418427230046
frozenset({'ĩ'}),"frozenset({'a', 'ũ'})",0.18828297715549006,0.16249078850405305,0.15217391304347827,0.8082191780821918,4.973938433821018,1.0,0.12157966362359209,4.367012317086009,0.9842741408095278,0.7662337662337664,0.7710104924395375,0.8723635572950642
"frozenset({'a', 'ũ'})",frozenset({'ĩ'}),0.16249078850405305,0.18828297715549006,0.15217391304347827,0.9365079365079366,4.973938433821018,1.0,0.12157966362359209,12.784543109801055,0.953962134713326,0.7662337662337664,0.9217805445676532,0.8723635572950642
frozenset({'ĩ'}),"frozenset({'ũ', 'i'})",0.18828297715549006,0.17317612380250552,0.16212232866617537,0.8610567514677103,4.972144730815672,1.0,0.1295162125043919,5.950802827280556,0.9841847893368547,0.8133086876155265,0.8319554471851006,0.8986134821168339
"frozenset({'ũ', 'i'})",frozenset({'ĩ'}),0.17317612380250552,0.18828297715549006,0.16212232866617537,0.9361702127659574,4.972144730815671,1.0,0.1295162125043919,12.716900024563971,0.9662028034354239,0.8133086876155265,0.9213644836345022,0.8986134821168339
"frozenset({'o', 'ĩ'})",frozenset({'ũ'}),0.1529108327192336,0.1735445836403832,0.13190862196020633,0.8626506024096385,4.970772261018597,1.0,0.10537177516184265,6.0171753998112445,0.9430223487987247,0.6780303030303029,0.8338090659562011,0.8113677640498299
frozenset({'ũ'}),"frozenset({'o', 'ĩ'})",0.1735445836403832,0.1529108327192336,0.13190862196020633,0.7600849256900213,4.970772261018596,1.0,0.10537177516184265,3.53078759105523,0.9665663753402889,0.6780303030303029,0.716777071910708,0.8113677640498299
"frozenset({'ã', 'e'})",frozenset({'ũ'}),0.14959469417833457,0.1735445836403832,0.12896094325718496,0.8620689655172413,4.9674207482246135,1.0,0.10299959434119543,5.991801768607219,0.9391854419410746,0.6641366223908918,0.8331052930957614,0.8025843766015082
frozenset({'ũ'}),"frozenset({'ã', 'e'})",0.1735445836403832,0.14959469417833457,0.12896094325718496,0.7430997876857749,4.9674207482246135,1.0,0.10299959434119543,3.3102553639835066,0.9664021399910834,0.6641366223908918,0.6979085025039831,0.8025843766015082
"frozenset({'õ', 'ã'})",frozenset({'ĩ'}),0.10759027266028003,0.18828297715549006,0.10058953574060428,0.9349315068493151,4.965565772189905,1.0,0.08033211889115582,12.47480898266301,0.8948950856465306,0.5150943396226416,0.919838451924213,0.7345890410958904
frozenset({'ẽ'}),"frozenset({'ã', 'i'})",0.11532792925571113,0.18017686072218128,0.10316875460574797,0.8945686900958466,4.964947699223165,1.0,0.08238933035886413,7.775898260422944,0.9026938180520021,0.5363984674329502,0.8713974943461248,0.7335829135550808
"frozenset({'ĩ', 'i'})",frozenset({'ũ'}),0.18828297715549006,0.1735445836403832,0.16212232866617537,0.8610567514677103,4.961588160261924,1.0,0.12944683778915406,5.948150954362874,0.9836576156480831,0.8118081180811807,0.8318805276341354,0.8976196708506279
frozenset({'ĩ'}),frozenset({'ũ'}),0.18828297715549006,0.1735445836403832,0.16212232866617537,0.8610567514677103,4.961588160261924,1.0,0.12944683778915406,5.948150954362874,0.9836576156480831,0.8118081180811807,0.8318805276341354,0.8976196708506279
frozenset({'ũ'}),frozenset({'ĩ'}),0.1735445836403832,0.18828297715549006,0.16212232866617537,0.9341825902335456,4.961588160261923,1.0,0.12944683778915406,12.332861863218183,0.9661157945932799,0.8118081180811807,0.9189158192890797,0.8976196708506279
frozenset({'ũ'}),"frozenset({'ĩ', 'i'})",0.1735445836403832,0.18828297715549006,0.16212232866617537,0.9341825902335456,4.961588160261923,1.0,0.12944683778915406,12.332861863218183,0.9661157945932799,0.8118081180811807,0.9189158192890797,0.8976196708506279
"frozenset({'ũ', 'u'})",frozenset({'ĩ'}),0.17317612380250552,0.18828297715549006,0.1617538688282977,0.9340425531914893,4.960844401882,1.0,0.12914775266651424,12.306677443126434,0.9656487154812226,0.8099630996309961,0.9187432997556523,0.8965711787483865
frozenset({'ĩ'}),"frozenset({'ũ', 'u'})",0.18828297715549006,0.17317612380250552,0.1617538688282977,0.8590998043052837,4.9608444018819995,1.0,0.12914775266651424,5.868152788012768,0.9836203892600377,0.8099630996309961,0.8295886224975669,0.8965711787483865
"frozenset({'ĩ', 'a'})",frozenset({'ũ'}),0.17686072218128224,0.1735445836403832,0.15217391304347827,0.8604166666666667,4.957899858457184,1.0,0.12148069265019015,5.920874624665914,0.9698257829147167,0.767657992565056,0.8311060335859712,0.8686372080679405
frozenset({'ũ'}),"frozenset({'ĩ', 'a'})",0.1735445836403832,0.17686072218128224,0.15217391304347827,0.8768577494692145,4.957899858457184,1.0,0.12148069265019015,6.684458618148554,0.9659343731749784,0.767657992565056,0.8503992533838174,0.8686372080679405
frozenset({'ã'}),"frozenset({'ĩ', 'ũ'})",0.18312453942520265,0.16212232866617537,0.14701547531319087,0.8028169014084507,4.951920614596672,1.0,0.11732689854565617,4.249236761764397,0.9769642871273809,0.741635687732342,0.7646636193590745,0.8548175416133164
"frozenset({'ĩ', 'ũ'})",frozenset({'ã'}),0.16212232866617537,0.18312453942520265,0.14701547531319087,0.906818181818182,4.951920614596672,1.0,0.11732689854565617,8.766468357388083,0.9524757363946365,0.741635687732342,0.8859289785541479,0.8548175416133164
frozenset({'ã'}),"frozenset({'ĩ', 'e'})",0.18312453942520265,0.15217391304347827,0.13780397936624908,0.7525150905432596,4.945099166427134,1.0,0.10993720162763128,3.425768822905621,0.9766232732482831,0.6977611940298506,0.7080947221792293,0.829042048903591
"frozenset({'ĩ', 'e'})",frozenset({'ã'}),0.15217391304347827,0.18312453942520265,0.13780397936624908,0.9055690072639224,4.945099166427133,1.0,0.10993720162763128,8.650501672240793,0.9409707939119704,0.6977611940298506,0.8843997680262903,0.829042048903591
"frozenset({'o', 'ũ'})",frozenset({'ã'}),0.1400147383935151,0.18312453942520265,0.12675018422991893,0.9052631578947368,4.943428995022768,1.0,0.10111004974886624,8.622574306067298,0.9275871345728463,0.6454033771106942,0.8840253543194928,0.7987080376998834
"frozenset({'õ', 'e'})",frozenset({'ĩ'}),0.11422254974207811,0.18828297715549006,0.10611643330876934,0.9290322580645161,4.9342339498769014,1.0,0.08461027158503982,11.437830776445356,0.9001519458310224,0.5403377110694184,0.912570834492554,0.7463165204216905
"frozenset({'ẽ', 'e'})",frozenset({'ã'}),0.11422254974207811,0.18312453942520265,0.10316875460574797,0.9032258064516129,4.932303498409814,1.0,0.0822518027922576,8.44104642593957,0.9000623960066555,0.5313092979127135,0.8815312759177616,0.7333030440708768
frozenset({'ã'}),"frozenset({'o', 'ĩ'})",0.18312453942520265,0.1529108327192336,0.13780397936624908,0.7525150905432596,4.921267363215438,1.0,0.10980225355141521,3.422791188118219,0.975424466748195,0.6951672862453532,0.7078407810936957,0.826859954910184
"frozenset({'o', 'ĩ'})",frozenset({'ã'}),0.1529108327192336,0.18312453942520265,0.13780397936624908,0.9012048192771084,4.921267363215437,1.0,0.10980225355141521,8.268373564354652,0.9406333374426918,0.6951672862453532,0.8790572302742771,0.826859954910184
frozenset({'ẽ'}),"frozenset({'a', 'ã'})",0.11532792925571113,0.18054532056005895,0.10243183492999262,0.888178913738019,4.9194236160918035,1.0,0.08160991697299246,7.32826613327718,0.9005869856384779,0.5295238095238095,0.8635420736892911,0.7277629262567646
frozenset({'ũ'}),"frozenset({'ã', 'i'})",0.1735445836403832,0.18017686072218128,0.15364775239498896,0.8853503184713377,4.913784794133355,1.0,0.12237903411932669,7.150679603700983,0.9637433165371402,0.7679558011049725,0.8601531525084093,0.8690555273338284
"frozenset({'ã', 'i'})",frozenset({'ũ'}),0.18017686072218128,0.1735445836403832,0.15364775239498896,0.8527607361963191,4.913784794133354,1.0,0.12237903411932669,5.6130097027757335,0.9715398916821599,0.7679558011049725,0.821842460114494,0.8690555273338284
"frozenset({'ã', 'i'})",frozenset({'ĩ'}),0.18017686072218128,0.18828297715549006,0.16654384672070743,0.9243353783231083,4.909288095438192,1.0,0.13261961096940506,10.72782768029635,0.9713125186437307,0.8248175182481751,0.9067844833267888,0.904437747869969
frozenset({'ĩ'}),"frozenset({'ã', 'i'})",0.18828297715549006,0.18017686072218128,0.16654384672070743,0.8845401174168297,4.909288095438192,1.0,0.13261961096940506,7.10050210459263,0.9810124166964596,0.8248175182481751,0.8591648892895621,0.904437747869969
"frozenset({'õ', 'i'})",frozenset({'ĩ'}),0.12269712601326456,0.18828297715549006,0.1131171702284451,0.9219219219219219,4.896469855373965,1.0,0.09001539005424533,10.39622186950853,0.907065572043608,0.5716945996275604,0.9038112102115733,0.7613523503934463
frozenset({'õ'}),"frozenset({'ĩ', 'a'})",0.1234340456890199,0.17686072218128224,0.10685335298452468,0.8656716417910447,4.894651741293532,1.0,0.08502271852220723,6.127814623761563,0.9077415894826861,0.5523809523809524,0.8368096847900158,0.7349191542288557
frozenset({'õ'}),"frozenset({'ĩ', 'ã'})",0.1234340456890199,0.16654384672070743,0.10058953574060428,0.8149253731343283,4.893158103288865,1.0,0.08003235495525535,4.503351795944564,0.907670443609914,0.5311284046692608,0.7779431753698351,0.7094538370096422
"frozenset({'o', 'õ'})",frozenset({'ĩ'}),0.12159174649963155,0.18828297715549006,0.11201179071481208,0.9212121212121211,4.892699994069857,1.0,0.08911813468632582,10.302562213026464,0.9057449885199577,0.5661080074487896,0.9029367666680421,0.758062029294906
"frozenset({'ã', 'e'})",frozenset({'ĩ'}),0.14959469417833457,0.18828297715549006,0.13780397936624908,0.9211822660098522,4.8925414284750275,1.0,0.10963784497968719,10.298659727339718,0.9355624241188519,0.6887661141804788,0.9028999863598451,0.826540252378703
frozenset({'ĩ'}),"frozenset({'ã', 'e'})",0.18828297715549006,0.14959469417833457,0.13780397936624908,0.7318982387475538,4.892541428475027,1.0,0.10963784497968719,3.1719497173348246,0.9801534611286019,0.6887661141804788,0.6847364904509796,0.826540252378703
"frozenset({'ã', 'u'})",frozenset({'ĩ'}),0.1658069270449521,0.18828297715549006,0.15254237288135594,0.9200000000000002,4.886262230919766,1.0,0.12132375102432921,10.146462785556393,0.9534298663389151,0.7568555758683729,0.9014434861552431,0.8650880626223093
frozenset({'ĩ'}),"frozenset({'ã', 'u'})",0.18828297715549006,0.1658069270449521,0.15254237288135594,0.8101761252446185,4.886262230919765,1.0,0.12132375102432921,4.394563508041543,0.9798298762556986,0.7568555758683729,0.772446114802957,0.8650880626223093
"frozenset({'ẽ', 'i'})",frozenset({'ã'}),0.11532792925571113,0.18312453942520265,0.10316875460574797,0.8945686900958466,4.885029023984161,1.0,0.08204938067793352,7.7479399745427715,0.8989691795085382,0.5283018867924528,0.8709334347858041,0.7289744858929936
frozenset({'ẽ'}),frozenset({'ã'}),0.11532792925571113,0.18312453942520265,0.10316875460574797,0.8945686900958466,4.885029023984161,1.0,0.08204938067793352,7.7479399745427715,0.8989691795085382,0.5283018867924528,0.8709334347858041,0.7289744858929936
"frozenset({'õ', 'u'})",frozenset({'ĩ'}),0.10980103168754606,0.18828297715549006,0.10095799557848195,0.9194630872483223,4.883410604289524,1.0,0.08028433043760648,10.078819700319347,0.8933116208246726,0.5121495327102804,0.900782033042191,0.7278333048766072
"frozenset({'õ', 'a'})",frozenset({'ĩ'}),0.11643330876934414,0.18828297715549006,0.10685335298452468,0.9177215189873418,4.874160866011048,1.0,0.08493094296936814,9.8654838161102,0.8995772339018147,0.5400372439478585,0.8986364968368795,0.7426180980455299
frozenset({'ũ'}),"frozenset({'a', 'ã'})",0.1735445836403832,0.18054532056005895,0.15254237288135594,0.8789808917197454,4.868477836994671,1.0,0.12120971039654099,6.7712834037932055,0.9614517306660981,0.7568555758683729,0.8523175090500849,0.8619394254517094
"frozenset({'a', 'ã'})",frozenset({'ũ'}),0.18054532056005895,0.1735445836403832,0.15254237288135594,0.8448979591836735,4.86847783699467,1.0,0.12120971039654099,5.328462552844899,0.9696655718903138,0.7568555758683729,0.8123286050933972,0.8619394254517094
frozenset({'õ'}),frozenset({'ĩ'}),0.1234340456890199,0.18828297715549006,0.1131171702284451,0.9164179104477611,4.867237199520986,1.0,0.08987664062376965,9.711614380461091,0.9064288090827313,0.5695732838589981,0.8970305079233879,0.7586003446563658
frozenset({'õ'}),"frozenset({'ĩ', 'i'})",0.1234340456890199,0.18828297715549006,0.1131171702284451,0.9164179104477611,4.867237199520986,1.0,0.08987664062376965,9.711614380461091,0.9064288090827313,0.5695732838589981,0.8970305079233879,0.7586003446563658
"frozenset({'ĩ', 'õ'})",frozenset({'ã'}),0.1131171702284451,0.18312453942520265,0.10058953574060428,0.8892508143322476,4.855989356333441,1.0,0.07987500604143802,7.375904894013615,0.8953479701298562,0.5141242937853108,0.8644234145682093,0.7192732944900675
frozenset({'ĩ'}),"frozenset({'a', 'ã'})",0.18828297715549006,0.18054532056005895,0.16507000736919675,0.8767123287671232,4.8559127760693315,1.0,0.13107639690265654,6.646687955457297,0.9782540853381753,0.8101265822784808,0.8495491278210308,0.8954990215264187
"frozenset({'a', 'ã'})",frozenset({'ĩ'}),0.18054532056005895,0.18828297715549006,0.16507000736919675,0.9142857142857143,4.8559127760693315,1.0,0.13107639690265654,9.470031933185947,0.9690169739208633,0.8101265822784808,0.8944037351663316,0.8954990215264187
frozenset({'ã'}),"frozenset({'ũ', 'i'})",0.18312453942520265,0.17317612380250552,0.15364775239498896,0.8390342052313884,4.844976240421252,1.0,0.12193495448421326,5.136643330876936,0.9715075030638548,0.7581818181818184,0.8053203355606008,0.86313412389229
"frozenset({'ũ', 'i'})",frozenset({'ã'}),0.17317612380250552,0.18312453942520265,0.15364775239498896,0.8872340425531916,4.844976240421252,1.0,0.12193495448421326,7.2439899333991535,0.9598182416633539,0.7581818181818184,0.861954529314101,0.86313412389229
"frozenset({'o', 'ã'})",frozenset({'ĩ'}),0.15106853352984526,0.18828297715549006,0.13780397936624908,0.9121951219512194,4.84480931697771,1.0,0.10936034611873584,9.2445549823958,0.9348145981877599,0.6837294332723949,0.8918282165118518,0.8220466803493867
frozenset({'ĩ'}),"frozenset({'o', 'ã'})",0.18828297715549006,0.15106853352984526,0.13780397936624908,0.7318982387475538,4.84480931697771,1.0,0.10936034611873584,3.1664524041332043,0.9776726437696771,0.6837294332723949,0.6841891579691236,0.8220466803493867
"frozenset({'õ', 'e'})",frozenset({'ã'}),0.11422254974207811,0.18312453942520265,0.10132645541635962,0.8870967741935485,4.844226650223924,1.0,0.08040950360286928,7.2351826508053545,0.8959007714415369,0.5169172932330828,0.8617864885707219,0.7202083468553255
frozenset({'ã'}),frozenset({'ũ'}),0.18312453942520265,0.1735445836403832,0.15364775239498896,0.8390342052313884,4.8346896666623955,1.0,0.12186748044610522,5.134354274134122,0.9709699087820407,0.7568058076225046,0.8052335412385145,0.8621922618513631
frozenset({'ũ'}),frozenset({'ã'}),0.1735445836403832,0.18312453942520265,0.15364775239498896,0.8853503184713377,4.8346896666623955,1.0,0.12186748044610522,7.124969295013519,0.9597147961523781,0.7568058076225046,0.8596485179662655,0.8621922618513631
"frozenset({'o', 'ã'})",frozenset({'ũ'}),0.15106853352984526,0.1735445836403832,0.12675018422991893,0.8390243902439023,4.834633110662316,1.0,0.10053305847731867,5.13404122284004,0.9343028302648579,0.6405959031657356,0.8052216652349313,0.7846926622132462
frozenset({'ũ'}),"frozenset({'o', 'ã'})",0.1735445836403832,0.15106853352984526,0.12675018422991893,0.7303609341825902,4.834633110662316,1.0,0.10053305847731867,3.1483993756491557,0.95971186844861,0.6405959031657356,0.6823782879216795,0.7846926622132462
"frozenset({'ũ', 'u'})",frozenset({'ã'}),0.17317612380250552,0.18312453942520265,0.15327929255711129,0.8851063829787235,4.833357592362687,1.0,0.1215664946463356,7.109841971669535,0.9592181715343481,0.7549909255898368,0.8593498977917255,0.8610642578877521
frozenset({'ã'}),"frozenset({'ũ', 'u'})",0.18312453942520265,0.17317612380250552,0.15327929255711129,0.8370221327967807,4.833357592362687,1.0,0.1215664946463356,5.073227981113023,0.9709001249089206,0.7549909255898368,0.8028868397551083,0.8610642578877521
"frozenset({'ĩ', 'i'})",frozenset({'ã'}),0.18828297715549006,0.18312453942520265,0.16654384672070743,0.8845401174168297,4.830265349435162,1.0,0.13206461324750235,7.074972209385106,0.9769069932794778,0.8129496402877697,0.8586566886194298,0.8969984289297428
frozenset({'ã'}),"frozenset({'ĩ', 'i'})",0.18312453942520265,0.18828297715549006,0.16654384672070743,0.9094567404426559,4.830265349435162,1.0,0.13206461324750235,8.96496356341603,0.9707379820454172,0.8129496402877697,0.8884546498235897,0.8969984289297428
frozenset({'ã'}),frozenset({'ĩ'}),0.18312453942520265,0.18828297715549006,0.16654384672070743,0.9094567404426559,4.830265349435162,1.0,0.13206461324750235,8.96496356341603,0.9707379820454172,0.8129496402877697,0.8884546498235897,0.8969984289297428
frozenset({'ĩ'}),frozenset({'ã'}),0.18828297715549006,0.18312453942520265,0.16654384672070743,0.8845401174168297,4.830265349435162,1.0,0.13206461324750235,7.074972209385106,0.9769069932794778,0.8129496402877697,0.8586566886194298,0.8969984289297428
frozenset({'õ'}),"frozenset({'ã', 'i'})",0.1234340456890199,0.18017686072218128,0.10685335298452468,0.8656716417910447,4.804566126423099,1.0,0.08461339412603879,6.103127814623759,0.9033714542476555,0.5430711610486891,0.8361495891329866,0.7293593382779354
"frozenset({'ĩ', 'u'})",frozenset({'ã'}),0.1735445836403832,0.18312453942520265,0.15254237288135594,0.8789808917197454,4.799907726614465,1.0,0.12076210093247221,6.7499709110654385,0.9579012321748177,0.7472924187725632,0.8518512134088357,0.8559894398236554
frozenset({'ã'}),"frozenset({'ĩ', 'u'})",0.18312453942520265,0.1735445836403832,0.15254237288135594,0.8329979879275654,4.799907726614464,1.0,0.12076210093247221,4.948775203984694,0.9691350761245449,0.7472924187725632,0.7979297990349588,0.8559894398236554
"frozenset({'o', 'õ'})",frozenset({'ã'}),0.12159174649963155,0.18312453942520265,0.10685335298452468,0.8787878787878787,4.798853728431193,1.0,0.08458692040887367,6.739222549742071,0.9011947465864384,0.5400372439478585,0.8516149314525497,0.7311444424120479
frozenset({'õ'}),"frozenset({'a', 'ã'})",0.1234340456890199,0.18054532056005895,0.10685335298452468,0.8656716417910447,4.794760889430399,1.0,0.08456791363757563,6.1003848358306705,0.9028858836659854,0.5420560747663552,0.8360759153870931,0.7287541882424611
frozenset({'õ'}),frozenset({'ã'}),0.1234340456890199,0.18312453942520265,0.10759027266028003,0.871641791044776,4.75983062554431,1.0,0.08498646989408884,6.364029750989695,0.9011398250675143,0.5407407407407407,0.8428668565157971,0.7295834709751043
"frozenset({'õ', 'i'})",frozenset({'ã'}),0.12269712601326456,0.18312453942520265,0.10685335298452468,0.8708708708708708,4.755620811958839,1.0,0.08438449829454955,6.3260355435211,0.9001708931338613,0.537037037037037,0.8419231139122884,0.727185938453544
frozenset({'õ'}),"frozenset({'ĩ', 'u'})",0.1234340456890199,0.1735445836403832,0.10095799557848195,0.817910447761194,4.712970180942422,1.0,0.07953668551233295,4.538730565253633,0.8987567615663822,0.5150375939849624,0.7796740772286583,0.6998257122033147
"frozenset({'õ', 'i'})",frozenset({'ũ'}),0.12269712601326456,0.1735445836403832,0.10022107590272661,0.8168168168168168,4.706668451891382,1.0,0.07892765425488298,4.511633666356597,0.8976780023223064,0.5112781954887218,0.7783507984132149,0.6971557544805953
frozenset({'õ'}),"frozenset({'ũ', 'i'})",0.1234340456890199,0.17317612380250552,0.10022107590272661,0.8119402985074627,4.688523340743093,1.0,0.07884524632504078,4.3966031512089,0.8974946220606781,0.5103189493433397,0.7725516801021631,0.695331851381391
frozenset({'õ'}),frozenset({'ũ'}),0.1234340456890199,0.1735445836403832,0.10022107590272661,0.8119402985074627,4.678568938745762,1.0,0.0787997658365776,4.394643880642408,0.8969769181316916,0.5093632958801498,0.772450276482057,0.6947174953259183
frozenset({'oː'}),"frozenset({'o', 'eː'})",0.210759027266028,0.1772291820191599,0.17133382461311716,0.8129370629370629,4.58692554846401,1.0,0.1339811746076052,4.398363625093836,0.990811521741313,0.7908163265306123,0.7726427177837836,0.8898365148365148
"frozenset({'o', 'eː'})",frozenset({'oː'}),0.1772291820191599,0.210759027266028,0.17133382461311716,0.9667359667359667,4.58692554846401,1.0,0.1339811746076052,23.72655674281503,0.950433622736181,0.7908163265306123,0.9578531343237225,0.8898365148365148
"frozenset({'oː', 'e'})",frozenset({'eː'}),0.17280766396462785,0.21554900515843772,0.16912306558585113,0.9786780383795309,4.54039691651632,1.0,0.131874545534522,36.790751658069304,0.9426525175771867,0.7714285714285715,0.9728192560648411,0.8816467114974578
frozenset({'eː'}),"frozenset({'oː', 'e'})",0.21554900515843772,0.17280766396462785,0.16912306558585113,0.7846153846153846,4.540396916516319,1.0,0.131874545534522,3.840535845878513,0.994013575369086,0.7714285714285715,0.739619667637485,0.8816467114974578
frozenset({'eː'}),"frozenset({'oː', 'uː'})",0.21554900515843772,0.18349299926308033,0.17538688282977155,0.8136752136752137,4.434366525932791,1.0,0.13583514938507663,4.382170600285303,0.9873002277472752,0.7841845140032949,0.7718025857015027,0.8847492534239523
"frozenset({'oː', 'uː'})",frozenset({'eː'}),0.18349299926308033,0.21554900515843772,0.17538688282977155,0.9558232931726908,4.434366525932791,1.0,0.13583514938507663,17.757117974140822,0.9485388920911324,0.7841845140032949,0.9436845550355484,0.8847492534239523
"frozenset({'oː', 'u'})",frozenset({'eː'}),0.17686072218128224,0.21554900515843772,0.1669123065585851,0.94375,4.378354700854701,1.0,0.1287901538408069,13.945795463849992,0.9373914280801816,0.7401960784313725,0.928293799906059,0.8590544871794872
frozenset({'eː'}),"frozenset({'oː', 'u'})",0.21554900515843772,0.17686072218128224,0.1669123065585851,0.7743589743589744,4.378354700854701,1.0,0.1287901538408069,3.6480036176056814,0.983622569436884,0.7401960784313725,0.7258774648210637,0.8590544871794872
frozenset({'oː'}),"frozenset({'eː', 'uː'})",0.210759027266028,0.19086219602063376,0.17538688282977155,0.8321678321678322,4.36004536004536,1.0,0.13516095205460482,4.821112748710391,0.9764376338770802,0.7752442996742672,0.7925790056937599,0.8755433755433755
"frozenset({'eː', 'uː'})",frozenset({'oː'}),0.19086219602063376,0.210759027266028,0.17538688282977155,0.9189189189189189,4.36004536004536,1.0,0.13516095205460482,9.733971997052313,0.9524268723882996,0.7752442996742672,0.8972670149140737,0.8755433755433755
frozenset({'oː'}),"frozenset({'eː', 'u'})",0.210759027266028,0.18165070007369197,0.1669123065585851,0.791958041958042,4.359785245180783,1.0,0.1286277817088608,3.933578147544943,0.9764202958593299,0.7401960784313725,0.7457785348375173,0.8554110696605626
"frozenset({'eː', 'u'})",frozenset({'oː'}),0.18165070007369197,0.210759027266028,0.1669123065585851,0.9188640973630832,4.359785245180783,1.0,0.1286277817088608,9.727394988946205,0.9416894523776158,0.7401960784313725,0.8971975538017777,0.8554110696605626
frozenset({'eː'}),"frozenset({'oː', 'aː'})",0.21554900515843772,0.18349299926308033,0.17133382461311716,0.7948717948717948,4.331891669241067,1.0,0.13178209116842227,3.9804716285924826,0.9804997045409779,0.7524271844660194,0.7487734888456908,0.8643033673154155
"frozenset({'oː', 'aː'})",frozenset({'eː'}),0.18349299926308033,0.21554900515843772,0.17133382461311716,0.9337349397590361,4.331891669241067,1.0,0.13178209116842227,11.838078649427205,0.9420053569349015,0.7524271844660194,0.9155268325533226,0.8643033673154155
frozenset({'oː'}),"frozenset({'aː', 'eː'})",0.210759027266028,0.18791451731761238,0.17133382461311716,0.8129370629370629,4.326100370218017,1.0,0.131729143734092,4.341242019573137,0.9741574048974428,0.753646677471637,0.769651174596728,0.8623508844097079
"frozenset({'aː', 'eː'})",frozenset({'oː'}),0.18791451731761238,0.210759027266028,0.17133382461311716,0.9117647058823529,4.326100370218017,1.0,0.131729143734092,8.944731024318347,0.9467537029447926,0.753646677471637,0.8882023397594332,0.8623508844097079
frozenset({'oː'}),"frozenset({'eː', 'i'})",0.210759027266028,0.19307295504789979,0.17575534266764922,0.833916083916084,4.3191760529546785,1.0,0.1350634744703763,4.858550207501068,0.9736878678795067,0.7705977382875605,0.7941772839033113,0.8721107137137671
"frozenset({'eː', 'i'})",frozenset({'oː'}),0.19307295504789979,0.210759027266028,0.17575534266764922,0.9103053435114503,4.3191760529546785,1.0,0.1350634744703763,8.799197227927682,0.9523467639259834,0.7705977382875605,0.8863532690429861,0.8721107137137671
"frozenset({'oː', 'a'})",frozenset({'eː'}),0.1864406779661017,0.21554900515843772,0.1735445836403832,0.9308300395256917,4.318414918414918,1.0,0.1333574809837253,11.340920096852294,0.944532908704883,0.7596774193548387,0.9118237328664759,0.8679791223269484
frozenset({'eː'}),"frozenset({'oː', 'a'})",0.21554900515843772,0.1864406779661017,0.1735445836403832,0.8051282051282052,4.318414918414918,1.0,0.1333574809837253,4.174843889384479,0.9795813350964687,0.7596774193548387,0.7604700854700855,0.8679791223269484
frozenset({'eː'}),"frozenset({'oː', 'iː'})",0.21554900515843772,0.1993367722918202,0.18533529845246868,0.8598290598290599,4.313449294595321,1.0,0.1423684554934728,5.712048636698602,0.9792415072738766,0.8073836276083468,0.8249314626673118,0.8947943820402231
"frozenset({'oː', 'iː'})",frozenset({'eː'}),0.1993367722918202,0.21554900515843772,0.18533529845246868,0.9297597042513863,4.313449294595321,1.0,0.1423684554934728,11.168104952875927,0.9594133313327582,0.8073836276083468,0.9104592941936414,0.8947943820402231
"frozenset({'eː', 'iː'})",frozenset({'oː'}),0.20412675018422993,0.210759027266028,0.18533529845246868,0.9079422382671479,4.307963696952866,1.0,0.14231374314466488,8.573323507737648,0.9648166556218245,0.8073836276083468,0.8833591198212136,0.8936564338188886
frozenset({'oː'}),"frozenset({'eː', 'iː'})",0.210759027266028,0.20412675018422993,0.18533529845246868,0.8793706293706294,4.307963696952866,1.0,0.14231374314466488,6.597673897023486,0.9729243586102433,0.8073836276083468,0.8484314296814297,0.8936564338188886
frozenset({'eː'}),"frozenset({'o', 'oː'})",0.21554900515843772,0.18459837877671334,0.17133382461311716,0.7948717948717948,4.305952198167767,1.0,0.13154382771393613,3.9750829034635213,0.9787269504083393,0.7487922705314011,0.7484329196936517,0.8615077537233226
"frozenset({'o', 'oː'})",frozenset({'eː'}),0.18459837877671334,0.21554900515843772,0.17133382461311716,0.9281437125748503,4.305952198167767,1.0,0.13154382771393613,10.916943011545074,0.9415768989694329,0.7487922705314011,0.9083992653490575,0.8615077537233226
"frozenset({'o', 'uː'})",frozenset({'oː'}),0.18165070007369197,0.210759027266028,0.1643330876934414,0.9046653144016227,4.292415495255252,1.0,0.12604856284371707,8.278634033145703,0.9372903976110627,0.7205169628432956,0.8792071257170887,0.8421927970609512
frozenset({'oː'}),"frozenset({'o', 'uː'})",0.210759027266028,0.18165070007369197,0.1643330876934414,0.7797202797202797,4.292415495255252,1.0,0.12604856284371707,3.71504602823689,0.9718589977096966,0.7205169628432956,0.73082433100443,0.8421927970609512
frozenset({'eː'}),"frozenset({'oː', 'i'})",0.21554900515843772,0.1901252763448784,0.17575534266764922,0.8153846153846154,4.288670244484198,1.0,0.13477402849603762,4.386821419798575,0.9775339649228533,0.7644230769230769,0.7720445159935606,0.8699016100178891
"frozenset({'oː', 'i'})",frozenset({'eː'}),0.1901252763448784,0.21554900515843772,0.17575534266764922,0.9244186046511628,4.288670244484198,1.0,0.13477402849603762,10.378890085596053,0.9468470479166308,0.7644230769230769,0.9036505838531026,0.8699016100178891
frozenset({'oː'}),"frozenset({'eː', 'e'})",0.210759027266028,0.1875460574797347,0.16912306558585113,0.8024475524475525,4.2786692678637674,1.0,0.12959604094384367,4.112598717890194,0.9709106591075065,0.7379421221864951,0.7568447425590283,0.852107862667784
"frozenset({'eː', 'e'})",frozenset({'oː'}),0.1875460574797347,0.210759027266028,0.16912306558585113,0.9017681728880157,4.278669267863767,1.0,0.12959604094384367,8.034473102431832,0.9431703545615777,0.7379421221864951,0.8755363311008751,0.852107862667784
"frozenset({'uː', 'e'})",frozenset({'eː'}),0.18349299926308033,0.21554900515843772,0.16912306558585113,0.9216867469879517,4.275996292863763,1.0,0.12957133214115624,10.016835780284554,0.9383096198768315,0.735576923076923,0.9001680748357449,0.8531510658016681
frozenset({'eː'}),"frozenset({'uː', 'e'})",0.21554900515843772,0.18349299926308033,0.16912306558585113,0.7846153846153846,4.275996292863763,1.0,0.12957133214115624,3.79092536056427,0.9766529439394357,0.735576923076923,0.7362121632879755,0.8531510658016681
frozenset({'eː'}),frozenset({'oː'}),0.21554900515843772,0.210759027266028,0.1941783345615328,0.9008547008547009,4.2743350666427595,1.0,0.14874943590618042,7.960447742230581,0.9765370776562569,0.8365079365079368,0.8743789253593175,0.9110916860916861
frozenset({'oː'}),frozenset({'eː'}),0.210759027266028,0.21554900515843772,0.1941783345615328,0.9213286713286714,4.2743350666427595,1.0,0.14874943590618042,9.97124375665275,0.9706103820402291,0.8365079365079368,0.8997116082602226,0.9110916860916861
"frozenset({'a', 'eː'})",frozenset({'oː'}),0.19344141488577746,0.210759027266028,0.1735445836403832,0.8971428571428571,4.256723276723277,1.0,0.1327750592060926,7.673176123802504,0.9485702979285543,0.7523961661341853,0.8696758703481392,0.8602847152847153
frozenset({'oː'}),"frozenset({'a', 'eː'})",0.210759027266028,0.19344141488577746,0.1735445836403832,0.8234265734265734,4.256723276723276,1.0,0.1327750592060926,4.567836739458765,0.9693839319167158,0.7523961661341853,0.7810779900775332,0.8602847152847153
"frozenset({'o', 'aː'})",frozenset({'oː'}),0.1901252763448784,0.210759027266028,0.17022844509948415,0.8953488372093023,4.248211091234347,1.0,0.1301578267983528,7.541635961680171,0.9441050305472508,0.7380191693290734,0.8674027750635137,0.851520572450805
frozenset({'oː'}),"frozenset({'o', 'aː'})",0.210759027266028,0.1901252763448784,0.17022844509948415,0.8076923076923077,4.248211091234347,1.0,0.1301578267983528,4.2113485630066325,0.9687875150060024,0.7380191693290734,0.7625463708266256,0.851520572450805
"frozenset({'o', 'iː'})",frozenset({'oː'}),0.19896831245394253,0.210759027266028,0.17796610169491525,0.8944444444444444,4.243919968919969,1.0,0.1360317337053592,7.477019741690256,0.954230402212483,0.7678855325914148,0.8662568731196181,0.8694250194250195
frozenset({'oː'}),"frozenset({'o', 'iː'})",0.210759027266028,0.19896831245394253,0.17796610169491525,0.8444055944055945,4.243919968919969,1.0,0.1360317337053592,5.148203654790394,0.9684859451026787,0.7678855325914148,0.8057574899801212,0.8694250194250195
frozenset({'eː'}),"frozenset({'iː', 'e'})",0.21554900515843772,0.19786293294030952,0.18091378039793662,0.8393162393162393,4.241907399449299,1.0,0.13826462204492224,4.9920232364884995,0.9742571548559844,0.7781299524564185,0.7996804196161109,0.8768275796208758
"frozenset({'iː', 'e'})",frozenset({'eː'}),0.19786293294030952,0.21554900515843772,0.18091378039793662,0.9143389199255121,4.241907399449299,1.0,0.13826462204492224,9.15761270065041,0.9527760600314154,0.7781299524564185,0.8908012347007233,0.8768275796208758
"frozenset({'aː', 'e'})",frozenset({'eː'}),0.19049373618275608,0.21554900515843772,0.1720707442888725,0.9032882011605415,4.190639620426855,1.0,0.13101000896576553,8.111223286661751,0.9405399030603344,0.7354330708661417,0.8767140337950725,0.85078939972557
frozenset({'eː'}),"frozenset({'aː', 'e'})",0.21554900515843772,0.19049373618275608,0.1720707442888725,0.7982905982905983,4.190639620426855,1.0,0.13101000896576553,4.013230206212609,0.9705806327024679,0.7354330708661417,0.7508241619302157,0.85078939972557
"frozenset({'o', 'uː'})",frozenset({'eː'}),0.18165070007369197,0.21554900515843772,0.16138540899042003,0.8884381338742393,4.121745462110574,1.0,0.12223078130320197,7.031533462852547,0.9255025195364299,0.6843750000000001,0.8577835111952492,0.818578041296094
frozenset({'eː'}),"frozenset({'o', 'uː'})",0.21554900515843772,0.18165070007369197,0.16138540899042003,0.7487179487179487,4.121745462110574,1.0,0.12223078130320197,3.256696193584287,0.9654960525553832,0.6843750000000001,0.6929403479606091,0.818578041296094
frozenset({'oː'}),"frozenset({'uː', 'e'})",0.210759027266028,0.18349299926308033,0.156963890935888,0.7447552447552449,4.05876653467015,1.0,0.1182910849010752,3.1989178385035504,0.9548664536237031,0.6614906832298139,0.6873942844159452,0.8000884657511165
"frozenset({'uː', 'e'})",frozenset({'oː'}),0.18349299926308033,0.210759027266028,0.156963890935888,0.855421686746988,4.058766534670149,1.0,0.1182910849010752,5.458916728076643,0.9229801189810343,0.6614906832298139,0.8168134723769027,0.8000884657511165
"frozenset({'o', 'iː'})",frozenset({'eː'}),0.19896831245394253,0.21554900515843772,0.1720707442888725,0.8648148148148147,4.0121494143716365,1.0,0.129183322481372,5.802788181019771,0.9372376282678884,0.709726443768997,0.8276690499799939,0.8315527065527065
frozenset({'eː'}),"frozenset({'o', 'iː'})",0.21554900515843772,0.19896831245394253,0.1720707442888725,0.7982905982905983,4.0121494143716365,1.0,0.129183322481372,3.971216417071557,0.9570477237456032,0.709726443768997,0.7481879870104342,0.8315527065527065
frozenset({'oː'}),"frozenset({'iː', 'e'})",0.210759027266028,0.19786293294030952,0.1669123065585851,0.791958041958042,4.002558893620346,1.0,0.12521090728008213,3.855650439984395,0.9504826213045924,0.6905487804878048,0.7406403885503564,0.8177667304762277
"frozenset({'iː', 'e'})",frozenset({'oː'}),0.19786293294030952,0.210759027266028,0.1669123065585851,0.8435754189944134,4.002558893620346,1.0,0.12521090728008213,5.04550478997789,0.9352015502225252,0.6905487804878048,0.8018037755139299,0.8177667304762277
"frozenset({'o', 'aː'})",frozenset({'eː'}),0.1901252763448784,0.21554900515843772,0.16359616801768606,0.8604651162790696,3.991969787318624,1.0,0.12261485384607446,5.621898796364524,0.9254481961488331,0.6757990867579908,0.8221241548057279,0.8097197376267142
frozenset({'eː'}),"frozenset({'o', 'aː'})",0.21554900515843772,0.1901252763448784,0.16359616801768606,0.7589743589743589,3.991969787318624,1.0,0.12261485384607446,3.360118534313802,0.9554415853147651,0.6757990867579908,0.7023914514360374,0.8097197376267142
"frozenset({'aː', 'e'})",frozenset({'oː'}),0.19049373618275608,0.210759027266028,0.15880619012527636,0.8336557059961316,3.955492283345282,1.0,0.11865791558712732,4.744623057017019,0.923015671021547,0.6550151975683892,0.7892351008746504,0.7935761047463176
frozenset({'oː'}),"frozenset({'aː', 'e'})",0.210759027266028,0.19049373618275608,0.15880619012527636,0.7534965034965035,3.9554922833452815,1.0,0.11865791558712732,3.283954488677047,0.9467158866640237,0.6550151975683892,0.6954890807872146,0.7935761047463176
frozenset({'uː'}),"frozenset({'iː', 'u'})",0.2969786293294031,0.2748710390567428,0.2678703021370671,0.901985111662531,3.281484709185133,1.0,0.18623947771564678,7.3981511711426,0.9889598274405312,0.8812121212121213,0.8648310940305433,0.9382579713808634
"frozenset({'iː', 'u'})",frozenset({'uː'}),0.2748710390567428,0.2969786293294031,0.2678703021370671,0.9745308310991958,3.281484709185133,1.0,0.18623947771564678,27.602839080014064,0.9588086131892956,0.8812121212121213,0.9637718425593382,0.9382579713808634
"frozenset({'eː', 'u'})",frozenset({'uː'}),0.18165070007369197,0.2969786293294031,0.1746499631540162,0.9614604462474645,3.237473512550395,1.0,0.12070358722940466,18.241554512663388,0.8445258816399653,0.5745454545454545,0.9451801106475989,0.7747748881361392
"frozenset({'oː', 'u'})",frozenset({'uː'}),0.17686072218128224,0.2969786293294031,0.16875460574797346,0.9541666666666666,3.2129135649296936,1.0,0.1162307508923679,15.338648087358457,0.8367429914032048,0.5531400966183574,0.9348052061495457,0.7612024400330851
"frozenset({'oː', 'a'})",frozenset({'aː'}),0.1864406779661017,0.30397936624907884,0.17796610169491525,0.9545454545454545,3.140165289256198,1.0,0.12129198256373105,15.312453942520241,0.8377329192546583,0.5695754716981133,0.9346936811203618,0.77
"frozenset({'iː', 'ɔ'})",frozenset({'uː'}),0.11201179071481208,0.2969786293294031,0.10427413411938098,0.9309210526315789,3.1346398720125372,1.0,0.07100902604416412,10.177071270660058,0.7668841546559534,0.3422007255139056,0.9017399040052961,0.6410188389708763
"frozenset({'eː', 'iː'})",frozenset({'uː'}),0.20412675018422993,0.2969786293294031,0.18791451731761238,0.9205776173285198,3.0998109844039736,1.0,0.1272932348384343,8.851678167079786,0.8511401597676107,0.5999999999999999,0.8870270720280937,0.7766659798801407
frozenset({'aː'}),"frozenset({'a', 'uː'})",0.30397936624907884,0.261238025055269,0.24613117170228446,0.8096969696969698,3.0994606146087107,1.0,0.1667202024058228,3.882029486174544,0.9731941622313869,0.7713625866050808,0.7424027809264718,0.8759345215198531
"frozenset({'a', 'uː'})",frozenset({'aː'}),0.261238025055269,0.30397936624907884,0.24613117170228446,0.9421720733427362,3.0994606146087107,1.0,0.1667202024058228,12.036064129985437,0.9168896620723641,0.7713625866050808,0.916916361594593,0.8759345215198531
"frozenset({'a', 'iː'})",frozenset({'aː'}),0.2826086956521739,0.30397936624907884,0.2660280029476787,0.941329856584094,3.096689976689977,1.0,0.18012079074685208,11.863285024154607,0.9438008897842693,0.8298850574712646,0.9157063159180683,0.9082406858678045
frozenset({'aː'}),"frozenset({'a', 'iː'})",0.30397936624907884,0.2826086956521739,0.2660280029476787,0.8751515151515151,3.096689976689977,1.0,0.18012079074685208,5.74609539890249,0.9727794242509118,0.8298850574712646,0.8259687786960512,0.9082406858678045
frozenset({'eː'}),"frozenset({'aː', 'uː'})",0.21554900515843772,0.2542372881355932,0.1694915254237288,0.7863247863247863,3.092877492877493,1.0,0.11469093089192262,3.4901694915254233,0.8626115547205262,0.5644171779141104,0.7134809634809635,0.7264957264957265
"frozenset({'ɛ', 'iː'})",frozenset({'uː'}),0.12122328666175387,0.2969786293294031,0.11127487103905674,0.9179331306990881,3.0909063482845225,1.0,0.07527414552344376,8.566445590763935,0.7697863301262026,0.3625450180072029,0.8832654699776337,0.6463114785009088
"frozenset({'a', 'eː'})",frozenset({'aː'}),0.19344141488577746,0.30397936624907884,0.18165070007369197,0.939047619047619,3.089182106782107,1.0,0.12284850137038822,11.419088522476045,0.8384880330103404,0.5752625437572929,0.9124273362071138,0.7683116883116883
frozenset({'iː'}),"frozenset({'uː', 'i'})",0.32092851879145173,0.27081798084008846,0.2678703021370671,0.8346727898966706,3.0820434718089302,1.0,0.18095708868396576,4.410538463113078,0.9947994605410562,0.8270762229806597,0.773270314188764,0.911894218077587
"frozenset({'uː', 'i'})",frozenset({'iː'}),0.27081798084008846,0.32092851879145173,0.2678703021370671,0.9891156462585033,3.0820434718089302,1.0,0.18095708868396576,62.389692336035054,0.9264352732577902,0.8270762229806597,0.9839717113106772,0.911894218077587
"frozenset({'aː', 'iː'})",frozenset({'uː'}),0.2745025792188651,0.2969786293294031,0.2505526897568165,0.912751677852349,3.0734591236864457,1.0,0.16903129003301204,8.057706479224535,0.9298912556388731,0.7807118254879448,0.8758952063371463,0.8782120672140157
frozenset({'uː'}),"frozenset({'aː', 'iː'})",0.2969786293294031,0.2745025792188651,0.2505526897568165,0.8436724565756822,3.0734591236864452,1.0,0.16903129003301204,4.640880326584081,0.9596204834134912,0.7807118254879448,0.7845236399930937,0.8782120672140157
"frozenset({'aː', 'u'})",frozenset({'uː'}),0.2660280029476787,0.2969786293294031,0.24281503316138542,0.9127423822714682,3.07342782318209,1.0,0.1638104014827454,8.05684808927256,0.919150044792219,0.7583429228998849,0.87588198400669,0.8651801241382155
frozenset({'uː'}),"frozenset({'aː', 'u'})",0.2969786293294031,0.2660280029476787,0.24281503316138542,0.8176178660049628,3.07342782318209,1.0,0.1638104014827454,4.024363466831095,0.9596157700346438,0.7583429228998849,0.75151349816138,0.8651801241382155
"frozenset({'iː', 'e'})",frozenset({'uː'}),0.19786293294030952,0.2969786293294031,0.18054532056005895,0.9124767225325884,3.072533281579956,1.0,0.12178425794035022,8.032393107449153,0.8409231951852858,0.574443141852286,0.8755041011286399,0.7602085845913562
"frozenset({'o', 'uː'})",frozenset({'iː'}),0.18165070007369197,0.32092851879145173,0.17907148120854827,0.9858012170385395,3.071715847350857,1.0,0.12077459109646804,47.826034319401906,0.8241579164836956,0.5535307517084282,0.979090886078457,0.7718902755686383
frozenset({'iː'}),"frozenset({'aː', 'uː'})",0.32092851879145173,0.2542372881355932,0.2505526897568165,0.7807118254879448,3.07079984691925,1.0,0.16896069345390502,3.4008341467743355,0.9930500143627715,0.7718501702610671,0.705954493267926,0.8831095359323782
"frozenset({'aː', 'uː'})",frozenset({'iː'}),0.2542372881355932,0.32092851879145173,0.2505526897568165,0.9855072463768115,3.07079984691925,1.0,0.16896069345390502,46.85593220338963,0.904244652406417,0.7718501702610671,0.9786579851691083,0.8831095359323782
frozenset({'eː'}),"frozenset({'a', 'uː'})",0.21554900515843772,0.261238025055269,0.17280766396462785,0.8017094017094017,3.068884790182392,1.0,0.11649806755440958,3.7256530632988594,0.8593892244474467,0.5684848484848485,0.7315906814161178,0.7316022325895386
"frozenset({'eː', 'uː'})",frozenset({'iː'}),0.19086219602063376,0.32092851879145173,0.18791451731761238,0.9845559845559846,3.0678357544029184,1.0,0.12666139545542668,43.96987840825359,0.8330315368406015,0.5802047781569966,0.9772571579408259,0.7850449268359716
"frozenset({'iː', 'i'})",frozenset({'uː'}),0.29403095062638174,0.2969786293294031,0.2678703021370671,0.9110275689223059,3.067653625378583,1.0,0.18054939343962284,7.901564137959674,0.9547415092768349,0.8289623717217789,0.8734427788548942,0.9065063402924185
frozenset({'uː'}),"frozenset({'iː', 'i'})",0.2969786293294031,0.29403095062638174,0.2678703021370671,0.901985111662531,3.0676536253785827,1.0,0.18054939343962284,7.202671567027044,0.9587446183304064,0.8289623717217789,0.8611626268539192,0.9065063402924185
"frozenset({'o', 'eː'})",frozenset({'uː'}),0.1772291820191599,0.2969786293294031,0.16138540899042003,0.9106029106029105,3.066223696496649,1.0,0.10875212943719863,7.864029750989695,0.8190202176975914,0.5159010600706713,0.8728387313292972,0.7270136141103882
"frozenset({'uː', 'e'})",frozenset({'iː'}),0.18349299926308033,0.32092851879145173,0.18054532056005895,0.9839357429718876,3.065903107262575,1.0,0.12165718409795764,42.27219970523219,0.8252615486627863,0.5574516496018203,0.9763437907898551,0.7732537497867474
"frozenset({'oː', 'uː'})",frozenset({'iː'}),0.18349299926308033,0.32092851879145173,0.18054532056005895,0.9839357429718876,3.065903107262575,1.0,0.12165718409795764,42.27219970523219,0.8252615486627863,0.5574516496018203,0.9763437907898551,0.7732537497867474
frozenset({'oː'}),"frozenset({'aː', 'iː'})",0.210759027266028,0.2745025792188651,0.1772291820191599,0.8409090909090909,3.0633923123856013,1.0,0.11937528544097611,4.560269502052849,0.8534332651979712,0.5753588516746412,0.7807147144374164,0.7432733374008542
frozenset({'iː'}),"frozenset({'a', 'uː'})",0.32092851879145173,0.261238025055269,0.25681650700073694,0.8002296211251436,3.063220298637009,1.0,0.1729777745677453,3.6980556332003505,0.9918634314490985,0.7893544733861835,0.7295876267998204,0.8916521871493137
"frozenset({'a', 'uː'})",frozenset({'iː'}),0.261238025055269,0.32092851879145173,0.25681650700073694,0.9830747531734838,3.063220298637009,1.0,0.1729777745677453,40.121806681405126,0.9117228449679246,0.7893544733861835,0.9750758980536273,0.8916521871493137
"frozenset({'a', 'iː'})",frozenset({'uː'}),0.2826086956521739,0.2969786293294031,0.25681650700073694,0.9087353324641462,3.0599351021187253,1.0,0.17288776392938388,7.703105590062124,0.9383939828703098,0.795662100456621,0.8701822286727949,0.8867498002271104
frozenset({'uː'}),"frozenset({'a', 'iː'})",0.2969786293294031,0.2826086956521739,0.25681650700073694,0.8647642679900744,3.0599351021187253,1.0,0.17288776392938388,5.304746709214201,0.9575749919541371,0.795662100456621,0.8114895856831341,0.8867498002271104
"frozenset({'oː', 'e'})",frozenset({'uː'}),0.17280766396462785,0.2969786293294031,0.156963890935888,0.9083155650319831,3.0585216420555854,1.0,0.10564370775405674,7.667837740570009,0.8136495289480015,0.5017667844522968,0.8695851381010493,0.7184257725904333
frozenset({'eː'}),"frozenset({'aː', 'iː'})",0.21554900515843772,0.2745025792188651,0.18091378039793662,0.8393162393162393,3.057589628864797,1.0,0.121745022533885,4.515063735712382,0.8578547246395666,0.5852205005959477,0.7785191841057764,0.7491883210004016
frozenset({'uː'}),frozenset({'iː'}),0.2969786293294031,0.32092851879145173,0.29108327192336036,0.9801488833746899,3.05410340927544,1.0,0.19577436029995943,34.208225865880685,0.9566873656556006,0.8906426155580608,0.9707672650455281,0.9435761638457836
frozenset({'iː'}),frozenset({'uː'}),0.32092851879145173,0.2969786293294031,0.29108327192336036,0.9070034443168772,3.0541034092754398,1.0,0.19577436029995943,7.559649553754198,0.9904283742110069,0.8906426155580608,0.8677187357840696,0.9435761638457836
frozenset({'iː'}),"frozenset({'uː', 'u'})",0.32092851879145173,0.27339719970523213,0.2678703021370671,0.8346727898966706,3.052967589999412,1.0,0.1801293437939362,4.394937771227384,0.9902489885144802,0.8205417607223476,0.7724654927888256,0.9072285782367451
"frozenset({'uː', 'u'})",frozenset({'iː'}),0.27339719970523213,0.32092851879145173,0.2678703021370671,0.9797843665768194,3.052967589999412,1.0,0.1801293437939362,33.59140260378292,0.925471037440257,0.8205417607223476,0.9702304779649961,0.9072285782367451
"frozenset({'oː', 'iː'})",frozenset({'uː'}),0.1993367722918202,0.2969786293294031,0.18054532056005895,0.9057301293900184,3.0498158451172577,1.0,0.12134655914988685,7.457540422211619,0.8394432600467706,0.571761960326721,0.865907532056871,0.7568352880200713
"frozenset({'oː', 'eː'})",frozenset({'uː'}),0.1941783345615328,0.2969786293294031,0.17538688282977155,0.9032258064516129,3.0413831745777635,1.0,0.11772006718622127,7.264554163596166,0.832941407015481,0.5554259043173863,0.8623453033069588,0.7468982630272952
"frozenset({'aː', 'eː'})",frozenset({'uː'}),0.18791451731761238,0.2969786293294031,0.1694915254237288,0.9019607843137254,3.037123534277234,1.0,0.1136849296396479,7.170817980840082,0.8259488676714275,0.5373831775700934,0.8605458955070496,0.7363401936456964
"frozenset({'o', 'eː'})",frozenset({'aː'}),0.1772291820191599,0.30397936624907884,0.16359616801768606,0.923076923076923,3.0366433566433564,1.0,0.10972215358665918,9.048268238761969,0.8151589789520824,0.5150812064965197,0.8894816142036893,0.7306293706293706
"frozenset({'eː', 'e'})",frozenset({'uː'}),0.1875460574797347,0.2969786293294031,0.16912306558585113,0.9017681728880157,3.036474964290415,1.0,0.11342589449938606,7.156757553426675,0.8254877259545793,0.5362149532710279,0.8602719188773976,0.7356235405383007
frozenset({'eː'}),"frozenset({'a', 'iː'})",0.21554900515843772,0.2826086956521739,0.184966838614591,0.8581196581196582,3.0364234056541752,1.0,0.12405081541764122,5.056312205343114,0.8549484541870096,0.5905882352941177,0.8022274022274023,0.7563088512241055
"frozenset({'oː', 'o'})",frozenset({'aː'}),0.18459837877671334,0.30397936624907884,0.17022844509948415,0.9221556886227544,3.0336127744510977,1.0,0.11411434690833142,8.941188141261827,0.8221225227551482,0.5347222222222221,0.8881580407210987,0.7410778443113772
"frozenset({'o', 'iː'})",frozenset({'uː'}),0.19896831245394253,0.2969786293294031,0.17907148120854827,0.8999999999999999,3.030521091811414,1.0,0.11998214449599201,7.030213706705963,0.8364509864049883,0.5651162790697674,0.8577568134171907,0.7514888337468981
"frozenset({'uː', 'ɔ'})",frozenset({'iː'}),0.10722181282240235,0.32092851879145173,0.10427413411938098,0.9725085910652921,3.0302965742264094,1.0,0.0698635965481531,24.70122512896093,0.7504655765054855,0.32195676905574516,0.9595161780527414,0.6487112415716816
"frozenset({'eː', 'i'})",frozenset({'uː'}),0.19307295504789979,0.2969786293294031,0.1735445836403832,0.898854961832061,3.026665467012672,1.0,0.11620604208968045,6.95062638172439,0.8298189996994638,0.5483119906868451,0.856128074639525,0.7416111037448145
"frozenset({'o', 'eː'})",frozenset({'iː'}),0.1772291820191599,0.32092851879145173,0.1720707442888725,0.9708939708939709,3.025265484507735,1.0,0.11519284541684292,23.330955890093694,0.813653672621405,0.527683615819209,0.9571384899654024,0.7535296490520371
"frozenset({'oː', 'e'})",frozenset({'aː'}),0.17280766396462785,0.30397936624907884,0.15880619012527636,0.9189765458422176,3.0231543580797315,1.0,0.10627622595032502,8.590359927083744,0.809025470367251,0.4994206257242179,0.8835904422529266,0.72070039413323
"frozenset({'eː', 'i'})",frozenset({'iː'}),0.19307295504789979,0.32092851879145173,0.18717759764185704,0.9694656488549618,3.020814892069307,1.0,0.12521498015964602,22.23959100957992,0.8290259950382916,0.5727170236753101,0.9550351443257549,0.7763516533597427
frozenset({'oː'}),"frozenset({'aː', 'uː'})",0.210759027266028,0.2542372881355932,0.1617538688282977,0.7674825174825175,3.018764568764569,1.0,0.10817106528608719,3.2073403848604567,0.8473187300736543,0.5334143377885783,0.6882151938970121,0.7018572007702443
"frozenset({'eː', 'e'})",frozenset({'aː'}),0.1875460574797347,0.30397936624907884,0.1720707442888725,0.9174852652259331,3.0182484967553727,1.0,0.11506061259366944,8.435107204267105,0.8230399083259285,0.5386389850057669,0.8814478612086726,0.7417729356432696
"frozenset({'ɛ', 'uː'})",frozenset({'iː'}),0.11495946941783346,0.32092851879145173,0.11127487103905674,0.967948717948718,3.0160881980629397,1.0,0.07438109879774026,21.18703021370671,0.7552701666933185,0.3427922814982974,0.9528013133547587,0.6573383084577115
"frozenset({'oː', 'e'})",frozenset({'iː'}),0.17280766396462785,0.32092851879145173,0.1669123065585851,0.9658848614072495,3.009657306382635,1.0,0.11145339892660616,19.90528279292559,0.8072321617329656,0.5107102593010147,0.949762080227496,0.7429883549286534
"frozenset({'oː', 'aː'})",frozenset({'iː'}),0.18349299926308033,0.32092851879145173,0.1772291820191599,0.9658634538152611,3.0095906012108133,1.0,0.1183410455570586,19.89279986128572,0.8177871011806029,0.5416666666666667,0.949730555428442,0.7590511298927052
"frozenset({'a', 'eː'})",frozenset({'uː'}),0.19344141488577746,0.2969786293294031,0.17280766396462785,0.8933333333333333,3.008072787427626,1.0,0.11535969771630927,6.5908253500368446,0.8276661461991095,0.5440835266821346,0.8482739343116701,0.7376095947063689
"frozenset({'oː', 'i'})",frozenset({'iː'}),0.1901252763448784,0.32092851879145173,0.18349299926308033,0.9651162790697674,3.0072624355859343,1.0,0.12247637594090306,19.46671579464502,0.8241665479022551,0.5601799775028122,0.94863026662797,0.7684364403385576
"frozenset({'eː', 'e'})",frozenset({'iː'}),0.1875460574797347,0.32092851879145173,0.18091378039793662,0.9646365422396856,3.0057675954517875,1.0,0.12072490196578889,19.20263244084172,0.821346597023059,0.5523059617547806,0.9479238066405354,0.7641782022335053
"frozenset({'oː', 'o'})",frozenset({'iː'}),0.18459837877671334,0.32092851879145173,0.17796610169491525,0.9640718562874251,3.004008057364032,1.0,0.11872321742280129,18.900822893637898,0.8181384422371475,0.5433070866141733,0.9470922506587476,0.7593034367545047
frozenset({'oː'}),"frozenset({'a', 'iː'})",0.210759027266028,0.2826086956521739,0.1787030213706706,0.8479020979020979,3.0002689618074236,1.0,0.11914068757809747,4.71664167916042,0.8447312945796877,0.5679156908665107,0.7879847425301971,0.7401179329145431
"frozenset({'aː', 'eː'})",frozenset({'iː'}),0.18791451731761238,0.32092851879145173,0.18091378039793662,0.9627450980392157,2.9998739334999214,1.0,0.12060665269578467,18.227708179808413,0.8209143900554815,0.5516853932584269,0.9451384677582372,0.7632324801332704
"frozenset({'uː', 'e'})",frozenset({'aː'}),0.18349299926308033,0.30397936624907884,0.16728076639646278,0.9116465863453814,2.9990410125349882,1.0,0.11150268076932893,7.877688081999053,0.8163556195232111,0.5224395857307249,0.873059203462872,0.7309748083242058
"frozenset({'o', 'oː'})",frozenset({'uː'}),0.18459837877671334,0.2969786293294031,0.1643330876934414,0.8902195608782435,2.997587950649569,1.0,0.10951131418790311,6.403885576472163,0.8172640674043918,0.5180023228803715,0.8438448051486126,0.7217847184043822
"frozenset({'eː', 'u'})",frozenset({'aː'}),0.18165070007369197,0.30397936624907884,0.16543846720707442,0.9107505070993914,2.9960931833548465,1.0,0.11022040251997203,7.798594828163726,0.8141169179797219,0.5166858457997698,0.871771771449311,0.7274964656709078
"frozenset({'eː', 'u'})",frozenset({'iː'}),0.18165070007369197,0.32092851879145173,0.1746499631540162,0.9614604462474645,2.9958710116137985,1.0,0.11635307304193598,17.620117907148128,0.814086671720079,0.5325842696629214,0.9432466907843835,0.7528312564187953
frozenset({'eː'}),"frozenset({'uː', 'iː'})",0.21554900515843772,0.29108327192336036,0.18791451731761238,0.8717948717948718,2.995001622849724,1.0,0.12517180763626906,5.529550478997789,0.8491420993009698,0.5895953757225433,0.8191534729996268,0.7586822460240181
"frozenset({'oː', 'a'})",frozenset({'iː'}),0.1864406779661017,0.32092851879145173,0.1787030213706706,0.958498023715415,2.9866402254461955,1.0,0.11886889074853552,16.36238902340598,0.8176116838487971,0.5437219730941705,0.9388842302569921,0.7576646260942173
frozenset({'eː'}),frozenset({'uː'}),0.21554900515843772,0.2969786293294031,0.19086219602063376,0.8854700854700855,2.981595300205722,1.0,0.1268487479153645,6.1383209230193945,0.8472282925077665,0.5933562428407788,0.8370889999820819,0.7640749931072512
"frozenset({'oː', 'u'})",frozenset({'iː'}),0.17686072218128224,0.32092851879145173,0.16912306558585113,0.9562499999999999,2.9796354764638346,1.0,0.11236341598382577,15.521633856195367,0.8071398060865647,0.5145739910313901,0.9355737927292456,0.7416152411021814
"frozenset({'a', 'eː'})",frozenset({'iː'}),0.19344141488577746,0.32092851879145173,0.184966838614591,0.9561904761904761,2.979450002733585,1.0,0.12288597186237576,15.500544679760326,0.8237065443115614,0.5615212527964206,0.9354861380254759,0.7662697501503472
"frozenset({'eː', 'i'})",frozenset({'aː'}),0.19307295504789979,0.30397936624907884,0.1746499631540162,0.9045801526717556,2.9757945870922966,1.0,0.11595976863871874,7.294296241709646,0.8228194902028785,0.5417142857142857,0.8629065825045764,0.739562803608605
"frozenset({'oː', 'i'})",frozenset({'uː'}),0.1901252763448784,0.2969786293294031,0.16801768607221812,0.883720930232558,2.975705464827745,1.0,0.11155454210244214,6.0459837877671285,0.8198122695273216,0.5265588914549653,0.8346009458339426,0.724738877026949
"frozenset({'oː', 'eː'})",frozenset({'iː'}),0.1941783345615328,0.32092851879145173,0.18533529845246868,0.9544592030360531,2.974055427141043,1.0,0.12301793316024501,14.91127794153771,0.8237043218512428,0.5620111731843574,0.9329366668691524,0.7659781663859944
frozenset({'eː'}),"frozenset({'uː', 'i'})",0.21554900515843772,0.27081798084008846,0.1735445836403832,0.8051282051282052,2.972949590092447,1.0,0.11517003729128528,3.7418550983205994,0.8459849275847935,0.5547703180212014,0.7327528795947189,0.7229722658294087
frozenset({'oː'}),"frozenset({'a', 'uː'})",0.210759027266028,0.261238025055269,0.16359616801768606,0.7762237762237763,2.971327685008926,1.0,0.10853789597213931,3.301342575534267,0.840617928853223,0.5304659498207885,0.6970929320056503,0.7012289544024382
"frozenset({'iː', 'e'})",frozenset({'aː'}),0.19786293294030952,0.30397936624907884,0.1787030213706706,0.9031657355679702,2.9711415834320865,1.0,0.11855677241129133,7.187751544697012,0.8270768910209358,0.5530216647662486,0.8608744342675866,0.745522261723379
"frozenset({'oː', 'aː'})",frozenset({'uː'}),0.18349299926308033,0.2969786293294031,0.1617538688282977,0.8815261044176707,2.9683149471334467,1.0,0.10726036941560693,5.933976993117918,0.8121284014374645,0.5075144508670519,0.8314789556549047,0.7130955584123093
frozenset({'eː'}),"frozenset({'uː', 'u'})",0.21554900515843772,0.27339719970523213,0.1746499631540162,0.8102564102564103,2.9636602391319373,1.0,0.1157194687444507,3.829393136688642,0.8446409141987382,0.5556858147713951,0.7388620169553233,0.7245352132144585
"frozenset({'o', 'uː'})",frozenset({'aː'}),0.18165070007369197,0.30397936624907884,0.16359616801768606,0.9006085192697768,2.96272911672506,1.0,0.10837810333058367,7.002819845698038,0.8095239543911313,0.5080091533180777,0.8572003818412781,0.7193951687257976
frozenset({'oː'}),"frozenset({'iː', 'i'})",0.210759027266028,0.29403095062638174,0.18349299926308033,0.8706293706293706,2.9610126715389873,1.0,0.1215233221229586,5.456949949212293,0.8391324401246442,0.5711009174311926,0.8167474487933778,0.7473447605026553
"frozenset({'oː', 'i'})",frozenset({'aː'}),0.1901252763448784,0.30397936624907884,0.1709653647752395,0.8992248062015503,2.958177120037585,1.0,0.11317120376399237,6.906666288759136,0.8173535502494431,0.5290763968072976,0.8552123472901045,0.7308245243128964
"frozenset({'aː', 'e'})",frozenset({'uː'}),0.19049373618275608,0.2969786293294031,0.16728076639646278,0.8781431334622823,2.9569236528742358,1.0,0.11070819772907095,5.7692388672491814,0.8175485594092063,0.5224395857307248,0.8266669099667895,0.7207092838527293
"frozenset({'oː', 'a'})",frozenset({'uː'}),0.1864406779661017,0.2969786293294031,0.16359616801768606,0.8774703557312252,2.954658244980825,1.0,0.10822727102406854,5.73756150902132,0.8131569069069069,0.5115207373271888,0.8257099294835143,0.7141694210417913
"frozenset({'oː', 'u'})",frozenset({'aː'}),0.17686072218128224,0.30397936624907884,0.15880619012527636,0.8979166666666668,2.953873737373738,1.0,0.10504417988225578,6.818161310213115,0.8035839286122299,0.4931350114416477,0.8533328921828129,0.7101704545454546
frozenset({'eː'}),"frozenset({'iː', 'i'})",0.21554900515843772,0.29403095062638174,0.18717759764185704,0.8683760683760684,2.953349184928132,1.0,0.12379951874855073,5.363531089396971,0.8431391766494194,0.5805714285714285,0.8135556626162055,0.7524837735364052
frozenset({'eː'}),frozenset({'iː'}),0.21554900515843772,0.32092851879145173,0.20412675018422993,0.9470085470085471,2.9508394909083773,1.0,0.13495092723176152,12.814736016354882,0.8427720680375695,0.6141906873614191,0.9219648380798678,0.7915295318280393
"frozenset({'o', 'iː'})",frozenset({'aː'}),0.19896831245394253,0.30397936624907884,0.17833456153279292,0.8962962962962963,2.948543209876543,1.0,0.11785230000939477,6.7116275397410226,0.8249979091745421,0.5493757094211124,0.8510048428523812,0.7414814814814814
frozenset({'eː'}),"frozenset({'iː', 'u'})",0.21554900515843772,0.2748710390567428,0.1746499631540162,0.8102564102564103,2.947769299511927,1.0,0.11540178413846922,3.8216256049712203,0.8423221218733463,0.5530921820303384,0.7383312486971023,0.7228225751013955
frozenset({'oː'}),frozenset({'iː'}),0.210759027266028,0.32092851879145173,0.1993367722918202,0.945804195804196,2.9470867823336255,1.0,0.13169818984940665,12.529964104880344,0.8371104449173384,0.599778270509978,0.9201913116725923,0.7834646696586995
frozenset({'oː'}),"frozenset({'uː', 'i'})",0.210759027266028,0.27081798084008846,0.16801768607221812,0.7972027972027972,2.943684886542029,1.0,0.11094035186421128,3.5956216806850807,0.8366135928055433,0.5358401880141009,0.7218839775686667,0.7088054802340515
frozenset({'oː'}),"frozenset({'uː', 'iː'})",0.210759027266028,0.29108327192336036,0.18054532056005895,0.8566433566433567,2.9429494556076836,1.0,0.1191968933160788,4.94512644463217,0.836506030983822,0.5619266055045871,0.7977807016268555,0.7384482606001593
frozenset({'oː'}),frozenset({'uː'}),0.210759027266028,0.2969786293294031,0.18349299926308033,0.8706293706293706,2.9316229676031162,1.0,0.12090207222681704,5.434165189507857,0.834842638527968,0.5659090909090908,0.815979094280981,0.7442476877960749
frozenset({'oː'}),"frozenset({'uː', 'u'})",0.210759027266028,0.27339719970523213,0.16875460574797346,0.8006993006993007,2.9287033720995987,1.0,0.11113367788084275,3.645761419022871,0.8344117850924941,0.5350467289719626,0.7257088753031958,0.708974987276874
"frozenset({'oː', 'iː'})",frozenset({'aː'}),0.1993367722918202,0.30397936624907884,0.1772291820191599,0.8890942698706099,2.924850725368285,1.0,0.11663491630775547,6.275786047654135,0.8219463401239748,0.543502824858757,0.8406574104970013,0.7360622864504565
frozenset({'aː'}),"frozenset({'iː', 'u'})",0.30397936624907884,0.2748710390567428,0.2442888725128961,0.8036363636363637,2.9236851084572266,1.0,0.16073374826020162,3.692786375173996,0.9453252816376785,0.7301762114537446,0.7292017738359202,0.8461881550085304
"frozenset({'iː', 'u'})",frozenset({'aː'}),0.2748710390567428,0.30397936624907884,0.2442888725128961,0.8887399463806971,2.9236851084572266,1.0,0.16073374826020162,6.255799912990209,0.9073777728727515,0.7301762114537446,0.8401483401149877,0.8461881550085304
"frozenset({'aː', 'e'})",frozenset({'iː'}),0.19049373618275608,0.32092851879145173,0.1787030213706706,0.9381044487427466,2.923094688734574,1.0,0.11756814877848912,10.9712486182756,0.8127136817309453,0.5370985603543744,0.9088526716700023,0.747467838607883
"frozenset({'o', 'aː'})",frozenset({'iː'}),0.1901252763448784,0.32092851879145173,0.17833456153279292,0.937984496124031,2.9227209213325147,1.0,0.11731793821061566,10.950027634487842,0.8122899104369863,0.5359911406423035,0.9086760295608355,0.7468338094856665
frozenset({'aː'}),"frozenset({'uː', 'i'})",0.30397936624907884,0.27081798084008846,0.2406042741341194,0.7915151515151516,2.9226831581117296,1.0,0.15828119594949414,3.497530033761205,0.9451568158363445,0.7199558985667034,0.7140839419970295,0.8399752628324058
"frozenset({'uː', 'i'})",frozenset({'aː'}),0.27081798084008846,0.30397936624907884,0.2406042741341194,0.8884353741496598,2.922683158111729,1.0,0.15828119594949414,6.238721534230813,0.9021734336103359,0.7199558985667034,0.8397107493076637,0.8399752628324058
"frozenset({'uː', 'u'})",frozenset({'aː'}),0.27339719970523213,0.30397936624907884,0.24281503316138542,0.8881401617250674,2.921711998693131,1.0,0.15970792566071612,6.222256749917873,0.9052193531904941,0.7257709251101322,0.8392866060994351,0.8434640202564732
frozenset({'aː'}),"frozenset({'uː', 'u'})",0.30397936624907884,0.27339719970523213,0.24281503316138542,0.7987878787878788,2.921711998693131,1.0,0.15970792566071612,3.6111283749589376,0.9449934168828238,0.7257709251101322,0.7230782469727703,0.8434640202564732
"frozenset({'eː', 'uː'})",frozenset({'aː'}),0.19086219602063376,0.30397936624907884,0.1694915254237288,0.8880308880308879,2.921352521352521,1.0,0.1114733560364691,6.216184280740979,0.8128316306327712,0.5209513023782559,0.8391296083196558,0.7228033228033228
frozenset({'oː'}),"frozenset({'iː', 'u'})",0.210759027266028,0.2748710390567428,0.16912306558585113,0.8024475524475525,2.919360130486136,1.0,0.11119151277064962,3.670564297872064,0.8330271832770871,0.5343422584400465,0.7275623258854967,0.7088645268940175
"frozenset({'eː', 'iː'})",frozenset({'aː'}),0.20412675018422993,0.30397936624907884,0.18091378039793662,0.8862815884476534,2.9155978558144624,1.0,0.11886346024245037,6.120562398381113,0.8255299087274647,0.552927927927928,0.8366163213588836,0.7407165517995843
frozenset({'aː'}),"frozenset({'iː', 'i'})",0.30397936624907884,0.29403095062638174,0.26013264554163595,0.8557575757575757,2.9104336599073437,1.0,0.17075330351261425,4.894323241455756,0.9430878336935022,0.7699018538713195,0.79568166002404,0.8702346776030986
"frozenset({'iː', 'i'})",frozenset({'aː'}),0.29403095062638174,0.30397936624907884,0.26013264554163595,0.8847117794486214,2.9104336599073437,1.0,0.17075330351261425,6.037222453622115,0.9297979738241261,0.7699018538713195,0.8343609155233238,0.8702346776030986
"frozenset({'oː', 'eː'})",frozenset({'aː'}),0.1941783345615328,0.30397936624907884,0.17133382461311716,0.8823529411764706,2.902673796791444,1.0,0.11230761753380082,5.916175386882829,0.813443072702332,0.52423900789177,0.830971880546819,0.722994652406417
"frozenset({'oː', 'uː'})",frozenset({'aː'}),0.18349299926308033,0.30397936624907884,0.1617538688282977,0.8815261044176707,2.8999537544115856,1.0,0.10597578320116385,5.874886027253536,0.8024020788960798,0.49660633484162897,0.829783931916124,0.7068236582694414
"frozenset({'o', 'aː'})",frozenset({'uː'}),0.1901252763448784,0.2969786293294031,0.16359616801768606,0.8604651162790696,2.897397426279646,1.0,0.10713302404791009,5.038319823139273,0.8085974964955857,0.5056947608200455,0.8015211350007311,0.7056668013157135
"frozenset({'aː', 'ɛ'})",frozenset({'iː'}),0.10832719233603537,0.32092851879145173,0.10058953574060428,0.9285714285714286,2.893390191897655,1.0,0.06582425035936375,9.50700073691968,0.7338842975206613,0.3060538116591929,0.8948143554763197,0.6210021321961621
frozenset({'oː'}),"frozenset({'aː', 'i'})",0.210759027266028,0.28039793662490786,0.1709653647752395,0.8111888111888111,2.8929913713093742,1.0,0.11186896840477255,3.8112257430606724,0.8290712836858883,0.5339470655926352,0.7376172214881892,0.7104564292474936
frozenset({'iː'}),"frozenset({'aː', 'i'})",0.32092851879145173,0.28039793662490786,0.26013264554163595,0.8105625717566016,2.8907579760150024,1.0,0.17014495106842492,3.7986266496951835,0.9631827956328132,0.7624190064794818,0.7367469635163425,0.8691446235918356
"frozenset({'aː', 'i'})",frozenset({'iː'}),0.28039793662490786,0.32092851879145173,0.26013264554163595,0.9277266754270697,2.8907579760150024,1.0,0.17014495106842492,9.395879949085552,0.9089328685874424,0.7624190064794818,0.8935703728209805,0.8691446235918356
frozenset({'eː'}),"frozenset({'aː', 'i'})",0.21554900515843772,0.28039793662490786,0.1746499631540162,0.8102564102564103,2.8896660938710874,1.0,0.11421046686603864,3.792497361030891,0.8336266506531264,0.5435779816513762,0.7363215040634395,0.7165605310151959
frozenset({'uː'}),"frozenset({'aː', 'i'})",0.2969786293294031,0.28039793662490786,0.2406042741341194,0.8101736972704715,2.8893711095822074,1.0,0.15733207924846143,3.790844856734146,0.930133780230576,0.7144420131291029,0.7362065613886635,0.834127584509086
"frozenset({'aː', 'i'})",frozenset({'uː'}),0.28039793662490786,0.2969786293294031,0.2406042741341194,0.8580814717477004,2.889371109582207,1.0,0.15733207924846143,4.953696880373374,0.9087021263082125,0.7144420131291029,0.7981305630625047,0.834127584509086
frozenset({'eː'}),"frozenset({'aː', 'u'})",0.21554900515843772,0.2660280029476787,0.16543846720707442,0.7675213675213675,2.8851149466107913,1.0,0.10809639582741634,3.157158957908881,0.8329307547381006,0.5233100233100232,0.6832595338619434,0.6947025120155313
frozenset({'oː'}),"frozenset({'aː', 'a'})",0.210759027266028,0.2943994104642594,0.17796610169491525,0.8444055944055945,2.868231268106112,1.0,0.11591876831777584,4.534871204656673,0.8252905026744998,0.543918918918919,0.7794865708703829,0.7244556132228223
frozenset({'eː'}),frozenset({'aː'}),0.21554900515843772,0.30397936624907884,0.18791451731761238,0.8717948717948718,2.867940947940948,1.0,0.12239206733393106,5.428960943257185,0.8302848617135911,0.5666666666666668,0.8158026903394823,0.744988344988345
frozenset({'oː'}),frozenset({'aː'}),0.210759027266028,0.30397936624907884,0.18349299926308033,0.8706293706293706,2.8641068022886205,1.0,0.11942660372348081,5.380051385209823,0.8246543597358622,0.5539488320355951,0.8141281693425685,0.7371328671328672
frozenset({'ɛː'}),frozenset({'iː'}),0.10906411201179071,0.32092851879145173,0.10022107590272661,0.918918918918919,2.8633133707760576,1.0,0.06521929198147763,8.375214934905435,0.7304164842115506,0.3039106145251397,0.8806000791893358,0.6156018245570485
frozenset({'eː'}),"frozenset({'aː', 'a'})",0.21554900515843772,0.2943994104642594,0.18165070007369197,0.8427350427350427,2.8625568285142755,1.0,0.11819320002889029,4.486699400852264,0.8294488265496184,0.55331088664422,0.777119010957131,0.7298781596653937
"frozenset({'aː', 'u'})",frozenset({'iː'}),0.2660280029476787,0.32092851879145173,0.2442888725128961,0.9182825484764543,2.861330466779675,1.0,0.1589128995698496,8.309993380213083,0.8862902590755177,0.7129032258064518,0.8796629606972854,0.8397382891636003
frozenset({'iː'}),"frozenset({'aː', 'u'})",0.32092851879145173,0.2660280029476787,0.2442888725128961,0.7611940298507462,2.861330466779675,1.0,0.1589128995698496,3.073507737656595,0.957943676656772,0.7129032258064518,0.6746388539231553,0.8397382891636003
frozenset({'oː'}),"frozenset({'aː', 'u'})",0.210759027266028,0.2660280029476787,0.15880619012527636,0.7534965034965035,2.832395443891289,1.0,0.10273838699849958,2.9775317894604814,0.8197014304561733,0.4994206257242179,0.6641513606875054,0.6752247060418806
frozenset({'aː'}),"frozenset({'uː', 'iː'})",0.30397936624907884,0.29108327192336036,0.2505526897568165,0.8242424242424242,2.8316378979670116,1.0,0.1620693812318451,4.0334917287119145,0.929351041634229,0.7272727272727272,0.752075852075852,0.8425009589566551
"frozenset({'uː', 'iː'})",frozenset({'aː'}),0.29108327192336036,0.30397936624907884,0.2505526897568165,0.860759493670886,2.8316378979670116,1.0,0.1620693812318451,4.998693642392976,0.9124449675920263,0.7272727272727272,0.7999477320395896,0.8425009589566551
frozenset({'aː'}),frozenset({'uː'}),0.30397936624907884,0.2969786293294031,0.2542372881355932,0.8363636363636363,2.8162418226934354,1.0,0.16396191260252116,4.296241709653646,0.9265772090132806,0.7332624867162593,0.767238421955403,0.8462215204150687
frozenset({'uː'}),frozenset({'aː'}),0.2969786293294031,0.30397936624907884,0.2542372881355932,0.8560794044665012,2.8162418226934354,1.0,0.16396191260252116,4.8361433689934685,0.9173502871205906,0.7332624867162593,0.793223665284322,0.8462215204150687
"frozenset({'aː', 'a'})",frozenset({'iː'}),0.2943994104642594,0.32092851879145173,0.2660280029476787,0.9036295369211514,2.8156722884087313,1.0,0.17154683621430733,7.046469006306885,0.9138952575887982,0.7616033755274262,0.8580849501920808,0.866280899344617
frozenset({'iː'}),"frozenset({'aː', 'a'})",0.32092851879145173,0.2943994104642594,0.2660280029476787,0.8289322617680827,2.8156722884087313,1.0,0.17154683621430733,4.124685325406913,0.9495981651017626,0.7616033755274262,0.7575572628922068,0.866280899344617
frozenset({'uː'}),"frozenset({'aː', 'a'})",0.2969786293294031,0.2943994104642594,0.24613117170228446,0.8287841191066998,2.815169085426262,1.0,0.15870083830722437,4.121116486708748,0.9171578227193412,0.7129135538954109,0.7573473103162315,0.8324145877135503
"frozenset({'aː', 'a'})",frozenset({'uː'}),0.2943994104642594,0.2969786293294031,0.24613117170228446,0.8360450563204006,2.815169085426262,1.0,0.15870083830722437,4.28789370355578,0.9138052875971293,0.7129135538954109,0.7667852635500877,0.8324145877135503
frozenset({'aː'}),frozenset({'iː'}),0.30397936624907884,0.32092851879145173,0.2745025792188651,0.903030303030303,2.813805100372264,1.0,0.17694693146538404,7.002924649963149,0.9261354148532124,0.7833859095688749,0.85720251894967,0.8791844970949447
frozenset({'iː'}),frozenset({'aː'}),0.32092851879145173,0.30397936624907884,0.2745025792188651,0.8553386911595866,2.813805100372264,1.0,0.17694693146538404,4.811380730135333,0.949251111588561,0.7833859095688749,0.7921594535770874,0.8791844970949447
"frozenset({'ɛ', 'iː'})",frozenset({'aː'}),0.12122328666175387,0.30397936624907884,0.10058953574060428,0.8297872340425532,2.7297485493230176,1.0,0.06374015788653392,4.089121223286662,0.7210772456055475,0.3098751418842225,0.7554486782379509,0.580348162475822
"frozenset({'ɛ', 'e'})",frozenset({'ɔ'}),0.2582903463522476,0.3548268238761975,0.23176123802505527,0.8972895863052781,2.52880990366825,1.0,0.14011289479100425,6.2814777286497945,0.8150858845169356,0.6077294685990338,0.8408017916804824,0.7752283860913722
frozenset({'ɛː'}),frozenset({'ɛ'}),0.10906411201179071,0.37546057479734707,0.10022107590272661,0.918918918918919,2.4474445004376313,1.0,0.059271801717017424,7.702652910832724,0.6638082031820173,0.26078619367209976,0.8701745993781392,0.592923640028645
"frozenset({'ɛ', 'u'})",frozenset({'ɔ'}),0.3371407516580693,0.3548268238761975,0.2851879145173176,0.8459016393442623,2.383984474745927,1.0,0.16556133240725102,4.186762100377868,0.8758030947425572,0.7010869565217391,0.7611519412794563,0.8248199785506358
frozenset({'ɔ'}),"frozenset({'ɛ', 'u'})",0.3548268238761975,0.3371407516580693,0.2851879145173176,0.8037383177570093,2.383984474745927,1.0,0.16556133240725102,3.377425693932694,0.8998114034505199,0.7010869565217391,0.7039165060547656,0.8248199785506358
frozenset({'ɔ'}),"frozenset({'a', 'ɛ'})",0.3548268238761975,0.33308769344141487,0.28039793662490786,0.7902388369678088,2.3724648269144173,1.0,0.16220948828884207,3.179388867405531,0.8966545116700726,0.6880650994575043,0.6854741455970349,0.8160264981299221
"frozenset({'a', 'ɛ'})",frozenset({'ɔ'}),0.33308769344141487,0.3548268238761975,0.28039793662490786,0.8418141592920354,2.3724648269144173,1.0,0.16220948828884207,4.078577281230191,0.8674265469250259,0.6880650994575043,0.7548164639169527,0.8160264981299221
"frozenset({'o', 'ɔ'})",frozenset({'ɛ'}),0.2608695652173913,0.37546057479734707,0.23065585851142226,0.884180790960452,2.354923127248937,1.0,0.1327096216077665,5.39236479321315,0.7784251080623944,0.5685740236148956,0.8145526057030482,0.7492542816431309
"frozenset({'o', 'ɛ'})",frozenset({'ɔ'}),0.2778187177597642,0.3548268238761975,0.23065585851142226,0.830238726790451,2.339842060757304,1.0,0.1320783252753674,3.8004732406042745,0.792904414161831,0.5737855178735104,0.736874874077261,0.7401453239352047
frozenset({'ɔ'}),"frozenset({'ɛ', 'i'})",0.3548268238761975,0.3474576271186441,0.28739867354458365,0.8099688473520249,2.331129853354608,1.0,0.164111387282515,3.4338705195887744,0.8850700698501954,0.6927175843694493,0.7087834284095965,0.8185581246304132
"frozenset({'ɛ', 'i'})",frozenset({'ɔ'}),0.3474576271186441,0.3548268238761975,0.28739867354458365,0.8271474019088016,2.331129853354608,1.0,0.164111387282515,3.732504939170218,0.875074925074925,0.6927175843694493,0.7320834087838308,0.8185581246304132
frozenset({'ɛ'}),"frozenset({'ɔ', 'u'})",0.37546057479734707,0.3290346352247605,0.2851879145173176,0.759568204121688,2.308474922716978,1.0,0.16164838124759362,2.7906681906366093,0.9075705258664716,0.6801405975395431,0.6416628808271616,0.813154762755133
"frozenset({'ɔ', 'u'})",frozenset({'ɛ'}),0.3290346352247605,0.37546057479734707,0.2851879145173176,0.8667413213885778,2.308474922716978,1.0,0.16164838124759362,4.686669804251841,0.8447732242414439,0.6801405975395431,0.786628876842832,0.813154762755133
"frozenset({'a', 'ɔ'})",frozenset({'ɛ'}),0.32424465733235075,0.37546057479734707,0.28039793662490786,0.8647727272727272,2.3032317780355074,1.0,0.1586568512079346,4.618442808221298,0.8373259084857925,0.6687170474516696,0.7834768034325557,0.8057916629494156
frozenset({'ɛ'}),"frozenset({'a', 'ɔ'})",0.37546057479734707,0.32424465733235075,0.28039793662490786,0.746810598626104,2.3032317780355074,1.0,0.1586568512079346,2.668971682861762,0.9059915729574887,0.6687170474516696,0.6253238629614211,0.8057916629494156
"frozenset({'ɔ', 'i'})",frozenset({'ɛ'}),0.3323507737656595,0.37546057479734707,0.28739867354458365,0.8647450110864746,2.3031579588701594,1.0,0.16261406099218606,4.617496406006503,0.8474712741269032,0.6836108676599474,0.7834324248310868,0.8151006704107545
frozenset({'ɛ'}),"frozenset({'ɔ', 'i'})",0.37546057479734707,0.3323507737656595,0.28739867354458365,0.7654563297350344,2.303157958870159,1.0,0.16261406099218606,2.8465881235681723,0.9059692912790259,0.6836108676599474,0.6487022510490527,0.8151006704107545
frozenset({'ɛ'}),frozenset({'ɔ'}),0.37546057479734707,0.3548268238761975,0.30545320560058953,0.8135426889106968,2.292788014230146,1.0,0.17222972235451536,3.460165613000815,0.9028249552540466,0.7189939288811796,0.710996492120863,0.8371970973110078
frozenset({'ɔ'}),frozenset({'ɛ'}),0.3548268238761975,0.37546057479734707,0.30545320560058953,0.8608515057113187,2.292788014230146,1.0,0.17222972235451536,4.488294525896675,0.873951056056887,0.7189939288811796,0.7771982221242001,0.8371970973110078
"frozenset({'ɔ', 'e'})",frozenset({'ɛ'}),0.2700810611643331,0.37546057479734707,0.23176123802505527,0.8581173260572987,2.285505812482344,1.0,0.1303564475584173,4.401801910322543,0.7705788456152205,0.5601068566340162,0.7728203085070848,0.7376945805948908
frozenset({'ɪ'}),frozenset({'ɛ'}),0.14959469417833457,0.37546057479734707,0.10980103168754606,0.7339901477832512,1.9549060462058332,1.0,0.053634121824715206,2.3478056169655286,0.5743925418445326,0.2644188110026619,0.5740703605213828,0.513216859956395
frozenset({'ʊ'}),frozenset({'ɛ'}),0.14075165806927045,0.37546057479734707,0.10132645541635962,0.7198952879581152,1.9173658601749997,1.0,0.048479756973991685,2.229664116144051,0.5568251988149072,0.24422735346358795,0.5515019536981266,0.4948838559515797
frozenset({'õ'}),"frozenset({'o', 'a'})",0.1234340456890199,0.5626381724392041,0.1156963890935888,0.9373134328358209,1.6659257738810858,1.0,0.04624768321034142,6.976962487279365,0.456021772248148,0.20284237726098192,0.8566711514038905,0.5714726954617874
frozenset({'ẽ'}),"frozenset({'o', 'e'})",0.11532792925571113,0.5663227708179809,0.10832719233603537,0.939297124600639,1.6585897177398399,1.0,0.04301435988724096,7.144261722840629,0.44884217743740557,0.1889460154241645,0.8600275243552542,0.5652894211161945
frozenset({'õ'}),"frozenset({'o', 'i'})",0.1234340456890199,0.5965364775239499,0.1208548268238762,0.9791044776119403,1.641315350363685,1.0,0.04722191600201797,19.308611432782403,0.4457537497821384,0.2017220172201722,0.948209636747768,0.5908493357794106
"frozenset({'õ', 'ẽ'})",frozenset({'o'}),0.10316875460574797,0.6109064112011791,0.10316875460574797,1.0,1.6369119420989144,1.0,0.04014230098145537,inf,0.4338537387017256,0.16887816646562123,1.0,0.5844390832328106
"frozenset({'õ', 'a'})",frozenset({'o'}),0.11643330876934414,0.6109064112011791,0.1156963890935888,0.9936708860759493,1.6265517399337313,1.0,0.04456653428903,61.47678703021338,0.43596309026099245,0.18915662650602413,0.9837336977368623,0.5915278435204837
"frozenset({'õ', 'ã'})",frozenset({'o'}),0.10759027266028003,0.6109064112011791,0.10685335298452468,0.9931506849315068,1.6257002164680998,1.0,0.04112576563347668,56.80766396462763,0.4312822119080839,0.1746987951807229,0.9823967413864674,0.584030107242593
frozenset({'ẽ'}),"frozenset({'a', 'e'})",0.11532792925571113,0.576271186440678,0.1079587324981577,0.9361022364217252,1.624412704378876,1.0,0.04149856987622247,6.631355932203384,0.4345032573174146,0.18497474747474746,0.8492012779552714,0.5617211949372053
"frozenset({'õ', 'e'})",frozenset({'o'}),0.11422254974207811,0.6109064112011791,0.1131171702284451,0.9903225806451613,1.6210708587882798,1.0,0.043337882287264,40.20633750921163,0.4325283051591539,0.1848284166164961,0.9751282991202347,0.5877427137242694
"frozenset({'ĩ', 'õ'})",frozenset({'o'}),0.1131171702284451,0.6109064112011791,0.11201179071481208,0.990228013029316,1.6209160599285668,1.0,0.042907786205319834,39.81724392041266,0.43192279098244163,0.1830222757375075,0.9748852531832988,0.586790725453138
frozenset({'ẽ'}),"frozenset({'i', 'e'})",0.11532792925571113,0.6112748710390568,0.11422254974207811,0.9904153354632588,1.6202454613907682,1.0,0.04372548465909183,40.55698845492502,0.4327135199043409,0.1865222623345367,0.9753433369168572,0.5886374447057101
frozenset({'õ'}),"frozenset({'o', 'e'})",0.1234340456890199,0.5663227708179809,0.1131171702284451,0.9164179104477611,1.6181901164315051,1.0,0.0432136594605661,5.188638277713438,0.4358207606458794,0.1961661341853035,0.8072712055694339,0.558078831606444
"frozenset({'õ', 'u'})",frozenset({'o'}),0.10980103168754606,0.6109064112011791,0.10832719233603537,0.9865771812080537,1.6149399697217477,1.0,0.04124903812160967,28.9874723655122,0.42774924539352166,0.17689530685920576,0.9655023388244866,0.581949627998478
frozenset({'õ'}),frozenset({'o'}),0.1234340456890199,0.6109064112011791,0.12159174649963155,0.9850746268656716,1.61248042057505,1.0,0.04618509662771003,26.06927044952093,0.43332441693097434,0.1984365604329525,0.9616406603346901,0.5920548043857912
"frozenset({'õ', 'i'})",frozenset({'o'}),0.12269712601326456,0.6109064112011791,0.1208548268238762,0.984984984984985,1.6123336847100418,1.0,0.04589836590641391,25.913633014001483,0.43289609817559743,0.19723391461214673,0.9614102739102739,0.591406847136642
"frozenset({'oː', 'e'})",frozenset({'o'}),0.17280766396462785,0.6109064112011791,0.16985998526160648,0.9829424307036247,1.608990203214498,1.0,0.06429067544091636,22.810611643330898,0.4575624791655596,0.2767106842737095,0.9561607546682174,0.630494134531547
"frozenset({'ẽ', 'ã'})",frozenset({'e'}),0.10316875460574797,0.6241709653647752,0.10316875460574797,1.0,1.6021251475796932,1.0,0.03877381344799666,inf,0.419063270336894,0.1652892561983471,1.0,0.5826446280991735
"frozenset({'a', 'ẽ'})",frozenset({'e'}),0.1079587324981577,0.6241709653647752,0.1079587324981577,1.0,1.6021251475796932,1.0,0.04057402621522507,inf,0.42131350681536556,0.1729634002361275,1.0,0.5864817001180638
"frozenset({'ĩ', 'ẽ'})",frozenset({'e'}),0.10869565217391304,0.6241709653647752,0.1079587324981577,0.9932203389830508,1.5912632821723731,1.0,0.04011406234981256,55.43478260869562,0.4168817114792308,0.17275943396226412,0.9819607843137255,0.5830918696095891
frozenset({'ẽ'}),"frozenset({'o', 'i'})",0.11532792925571113,0.5965364775239499,0.10943257184966838,0.9488817891373802,1.5906517453482705,1.0,0.04063525517133518,7.892755158437731,0.4197339211916471,0.18165137614678897,0.8733015303368492,0.5661641805476895
"frozenset({'ẽ', 'i'})",frozenset({'e'}),0.11532792925571113,0.6241709653647752,0.11422254974207811,0.9904153354632588,1.5867693154942646,1.0,0.0422382048050204,39.21149594694173,0.41799519017613634,0.18267530936947557,0.974497274948318,0.5867070774128572
frozenset({'ẽ'}),frozenset({'e'}),0.11532792925571113,0.6241709653647752,0.11422254974207811,0.9904153354632588,1.5867693154942646,1.0,0.0422382048050204,39.21149594694173,0.41799519017613634,0.18267530936947557,0.974497274948318,0.5867070774128572
"frozenset({'o', 'ẽ'})",frozenset({'e'}),0.10943257184966838,0.6241709653647752,0.10832719233603537,0.98989898989899,1.5859420652809084,1.0,0.04002255832227773,37.207074428887424,0.41485903422188075,0.17324690630524456,0.9731233907704497,0.5817263544536272
"frozenset({'ẽ', 'u'})",frozenset({'e'}),0.10574797347089167,0.6241709653647752,0.10464259395725865,0.9895470383275261,1.5853781948175358,1.0,0.038637779270563555,35.95431098010308,0.41289890144327024,0.16735415439010015,0.9721869235499077,0.5785987848072105
"frozenset({'õ', 'ẽ'})",frozenset({'e'}),0.10316875460574797,0.6241709653647752,0.10206337509211497,0.9892857142857144,1.5849595209984824,1.0,0.03766843393436366,35.0773765659548,0.41152564897407073,0.16322922804949913,0.9714915966386558,0.5764020070838254
frozenset({'ẽ'}),"frozenset({'o', 'a'})",0.11532792925571113,0.5626381724392041,0.1028002947678703,0.8913738019169328,1.5842753755092047,1.0,0.03791239942023916,4.02630153019203,0.4168737936254159,0.17873158231902628,0.751633107331555,0.5370425001726118
"frozenset({'ã', 'e'})",frozenset({'o'}),0.14959469417833457,0.6109064112011791,0.14333087693441415,0.958128078817734,1.5683712942770387,1.0,0.051942519179189864,9.292470414842429,0.42614489447679466,0.23223880597014926,0.8923859904463353,0.5963740514715932
"frozenset({'ɛ', 'e'})",frozenset({'o'}),0.2582903463522476,0.6109064112011791,0.2468680913780398,0.9557774607703281,1.5645235395239268,1.0,0.08907686284007865,8.798535669289468,0.48648115606764986,0.39668442865600945,0.8863447239873773,0.6799393938351037
"frozenset({'o', 'eː'})",frozenset({'e'}),0.1772291820191599,0.6241709653647752,0.17280766396462785,0.975051975051975,1.5621552894280166,1.0,0.062186354332919344,15.064480471628592,0.4373742572404436,0.2749120750293083,0.933618686559863,0.6259557395921033
"frozenset({'ĩ', 'e'})",frozenset({'o'}),0.15217391304347827,0.6109064112011791,0.1451731761238025,0.9539951573849879,1.56160606582802,1.0,0.05220915702797091,8.457665903890154,0.4241832617467135,0.23494335122242102,0.8817640692640691,0.5958154315272346
"frozenset({'a', 'ẽ'})",frozenset({'o'}),0.1079587324981577,0.6109064112011791,0.1028002947678703,0.9522184300341296,1.5586977196095464,1.0,0.03684761293959268,8.143172965575316,0.40181861519352036,0.16686602870813397,0.8771977453718067,0.5602467300954725
"frozenset({'ẽ', 'u'})",frozenset({'o'}),0.10574797347089167,0.6109064112011791,0.10058953574060428,0.951219512195122,1.5570625790696992,1.0,0.035987420775704354,7.976418570375841,0.40007184135737905,0.1632775119617225,0.8746304508499633,0.5579378622495513
"frozenset({'ũ', 'e'})",frozenset({'o'}),0.1414885777450258,0.6109064112011791,0.13448784082535004,0.9505208333333333,1.555918903297145,1.0,0.04805156156917731,7.863786215723527,0.4161773178905285,0.2176505664877758,0.8728347932449493,0.5853327930237233
"frozenset({'oː', 'u'})",frozenset({'o'}),0.17686072218128224,0.6109064112011791,0.16801768607221812,0.95,1.5550663449939686,1.0,0.05997233700200222,7.781871775976412,0.4336333223389718,0.27110582639714625,0.871496212121212,0.6125150784077201
frozenset({'ẽ'}),frozenset({'o'}),0.11532792925571113,0.6109064112011791,0.10943257184966838,0.9488817891373802,1.5532359322791616,1.0,0.03897800047679843,7.611643330876935,0.4026156329363326,0.1774193548387097,0.8686223254913351,0.56400663642635
"frozenset({'ẽ', 'i'})",frozenset({'o'}),0.11532792925571113,0.6109064112011791,0.10943257184966838,0.9488817891373802,1.5532359322791616,1.0,0.03897800047679843,7.611643330876935,0.4026156329363326,0.1774193548387097,0.8686223254913351,0.56400663642635
"frozenset({'ẽ', 'e'})",frozenset({'o'}),0.11422254974207811,0.6109064112011791,0.10832719233603537,0.9483870967741935,1.5524261644421962,1.0,0.03854790439485427,7.538688282977152,0.4017340713323599,0.17562724014336917,0.8673509286412512,0.5628545857815479
"frozenset({'oː', 'i'})",frozenset({'o'}),0.1901252763448784,0.6109064112011791,0.18017686072218128,0.9476744186046512,1.5512595730355991,1.0,0.06402811047169919,7.436010808155247,0.4387870735805557,0.29020771513353116,0.865519291754757,0.6213040368053413
frozenset({'ẽ'}),"frozenset({'u', 'e'})",0.11532792925571113,0.5851142225497421,0.10464259395725865,0.9073482428115015,1.550719855787415,1.0,0.03716258229253158,4.477905115238986,0.4014348481559913,0.17563388991960419,0.7766812886238145,0.5430947763175895
frozenset({'õ'}),"frozenset({'o', 'u'})",0.1234340456890199,0.5663227708179809,0.10832719233603537,0.8776119402985074,1.549667407918119,1.0,0.03842368156815637,3.5434602872189354,0.40464752525642445,0.18631178707224333,0.7177899795838141,0.5344468289651287
"frozenset({'ĩ', 'ẽ'})",frozenset({'o'}),0.10869565217391304,0.6109064112011791,0.1028002947678703,0.9457627118644067,1.548130277442702,1.0,0.036397423985133445,7.173913043478257,0.39723752076230445,0.16666666666666666,0.8606060606060605,0.5570188710106111
"frozenset({'o', 'ɔ'})",frozenset({'e'}),0.2608695652173913,0.6241709653647752,0.2520265291083272,0.9661016949152542,1.5478158205430932,1.0,0.08919932075229886,11.086956521739124,0.478844169246646,0.39813736903376024,0.9098039215686274,0.6849398675284654
frozenset({'ẽ'}),"frozenset({'o', 'u'})",0.11532792925571113,0.5663227708179809,0.10058953574060428,0.8722044728434505,1.5401190236155657,1.0,0.035276703291809874,3.3935243183492996,0.39641754885403363,0.1731135066582118,0.7053211039057983,0.5249116053221807
"frozenset({'o', 'ũ'})",frozenset({'e'}),0.1400147383935151,0.6241709653647752,0.13448784082535004,0.9605263157894737,1.5388833654383893,1.0,0.047094706396973246,9.521002210759024,0.4071909004472303,0.2135751901696899,0.894969040247678,0.5879963338097309
frozenset({'õ'}),"frozenset({'a', 'e'})",0.1234340456890199,0.576271186440678,0.10869565217391304,0.880597014925373,1.528094820017559,1.0,0.037564168217528685,3.5487288135593182,0.39425481437151333,0.1839152119700748,0.7182089552238803,0.5346079703782876
"frozenset({'ɔ', 'e'})",frozenset({'o'}),0.2700810611643331,0.6109064112011791,0.2520265291083272,0.9331514324693041,1.5274867235957126,1.0,0.0870322772990183,5.820522461010922,0.47310709045877347,0.40070298769771523,0.8281941171606926,0.6728483338462323
"frozenset({'uː', 'e'})",frozenset({'o'}),0.18349299926308033,0.6109064112011791,0.17059690493736182,0.9297188755020079,1.5218679301040106,1.0,0.05849985527701283,5.536245920623216,0.4199752828437985,0.2734790313053751,0.8193721857125469,0.6044854932395444
"frozenset({'õ', 'u'})",frozenset({'e'}),0.10980103168754606,0.6241709653647752,0.10427413411938098,0.9496644295302014,1.5214812643122588,1.0,0.03573951817291708,7.466470154753135,0.38502152902908754,0.16559391456992392,0.8660679036715357,0.5583623210224796
"frozenset({'o', 'ĩ'})",frozenset({'e'}),0.1529108327192336,0.6241709653647752,0.1451731761238025,0.9493975903614458,1.5210537545696363,1.0,0.0497306740507068,7.427097589219917,0.4043978511955098,0.2297376093294461,0.8653579021970234,0.5909915932917028
"frozenset({'o', 'ã'})",frozenset({'e'}),0.15106853352984526,0.6241709653647752,0.14333087693441415,0.948780487804878,1.5200650790451233,1.0,0.04903828452484972,7.337614485735334,0.40301654884318766,0.22682215743440234,0.8637159253945479,0.5892072450830765
"frozenset({'ɨ', 'e'})",frozenset({'o'}),0.1234340456890199,0.6109064112011791,0.11459100957995579,0.9283582089552238,1.5196406387843653,1.0,0.03918435970803427,5.4310980103168705,0.3901014909396123,0.1848989298454221,0.8158751696065127,0.5579668004969123
"frozenset({'oː', 'aː'})",frozenset({'o'}),0.18349299926308033,0.6109064112011791,0.17022844509948415,0.927710843373494,1.5185809583327279,1.0,0.05813139543913516,5.382461311717022,0.4182333911575789,0.27272727272727276,0.81421139101862,0.6031799090208845
frozenset({'e'}),"frozenset({'o', 'u'})",0.6241709653647752,0.5663227708179809,0.5357406042741342,0.8583234946871311,1.5156083048671918,1.0,0.18225837370462067,3.061038442643086,0.9051959435768805,0.8182329769274058,0.67331347882827,0.9021610967254784
"frozenset({'o', 'u'})",frozenset({'e'}),0.5663227708179809,0.6241709653647752,0.5357406042741342,0.9459986987638257,1.5156083048671918,1.0,0.18225837370462067,6.95962923173905,0.7844518797352746,0.8182329769274058,0.8563141847500225,0.9021610967254784
"frozenset({'iː', 'e'})",frozenset({'o'}),0.19786293294030952,0.6109064112011791,0.18312453942520265,0.925512104283054,1.5149818160580268,1.0,0.062248805152898615,5.2235814296241685,0.42377554255251304,0.2926972909305065,0.808560464985046,0.6126354248797659
"frozenset({'eː', 'u'})",frozenset({'e'}),0.18165070007369197,0.6241709653647752,0.17170228445099484,0.9452332657200812,1.5143819853390201,1.0,0.05832119162681128,6.8623597805616985,0.4150606868112226,0.2707728065078443,0.8542775325140198,0.6101609067679509
frozenset({'õ'}),"frozenset({'i', 'e'})",0.1234340456890199,0.6112748710390568,0.11422254974207811,0.9253731343283582,1.5138412818367475,1.0,0.03877041938169343,5.20891672807664,0.3872255894995185,0.18408551068883608,0.8080215038551319,0.5561163441382598
"frozenset({'aː', 'e'})",frozenset({'o'}),0.19049373618275608,0.6109064112011791,0.1761238025055269,0.9245647969052224,1.513431157298416,1.0,0.05974995777781518,5.157984241256163,0.41908231650996125,0.281673541543901,0.8061258132583083,0.606431976257195
"frozenset({'eː', 'i'})",frozenset({'e'}),0.19307295504789979,0.6241709653647752,0.18201915991156964,0.9427480916030534,1.5104004253900158,1.0,0.061508627173492175,6.564480471628588,0.41877876989628965,0.28654292343387466,0.8476650202065558,0.6171827825193543
"frozenset({'õ', 'ã'})",frozenset({'e'}),0.10759027266028003,0.6241709653647752,0.10132645541635962,0.9417808219178083,1.5088507383027934,1.0,0.03417173106613326,6.455416359616813,0.3779025598678779,0.16072472238457045,0.8450913242009135,0.5520592421277353
"frozenset({'eː', 'e'})",frozenset({'o'}),0.1875460574797347,0.6109064112011791,0.17280766396462785,0.9214145383104125,1.508274461383872,1.0,0.058234575054753074,4.951215917464994,0.41478129275875236,0.2762073027090695,0.7980294100136929,0.602142733570164
"frozenset({'o', 'ə'})",frozenset({'e'}),0.16028002947678702,0.6241709653647752,0.15070007369196758,0.9402298850574714,1.5063659433565393,1.0,0.0506579329647468,6.2879088487047365,0.40031283827784464,0.23779069767441863,0.8409646157313504,0.5908351314307427
"frozenset({'o', 'uː'})",frozenset({'e'}),0.18165070007369197,0.6241709653647752,0.17059690493736182,0.9391480730223123,1.5046327450900565,1.0,0.05721581211317826,6.1761238025055185,0.4098323192226567,0.26856148491879345,0.8380861472377996,0.606232832260861
"frozenset({'ə', 'e'})",frozenset({'o'}),0.16396462785556373,0.6109064112011791,0.15070007369196758,0.9191011235955058,1.5044876052100138,1.0,0.05053303132478827,4.8096290837632125,0.4010857512922662,0.24144037780401417,0.7920837589376919,0.582891936948537
"frozenset({'ĩ', 'õ'})",frozenset({'e'}),0.1131171702284451,0.6241709653647752,0.10611643330876934,0.9381107491856677,1.5029708224851843,1.0,0.03551197996794915,6.072605980684945,0.3773340488390343,0.16812609457092817,0.8353260522450021,0.5540612777805553
frozenset({'o'}),"frozenset({'u', 'e'})",0.6109064112011791,0.5851142225497421,0.5357406042741342,0.8769601930036189,1.49878461197218,1.0,0.1782905744335032,3.371963818688864,0.8553025092743113,0.8113839285714287,0.7034369127991312,0.8962886607335475
"frozenset({'u', 'e'})",frozenset({'o'}),0.5851142225497421,0.6109064112011791,0.5357406042741342,0.9156171284634761,1.49878461197218,1.0,0.1782905744335032,4.611049395615879,0.8021309500831907,0.8113839285714287,0.7831296275093504,0.8962886607335475
"frozenset({'oː', 'a'})",frozenset({'o'}),0.1864406779661017,0.6109064112011791,0.17059690493736182,0.9150197628458497,1.4978067770588879,1.0,0.056699099459175895,4.578636184469843,0.4085223182145428,0.2721928277483833,0.7815943526170798,0.5971359369114653
frozenset({'e'}),"frozenset({'o', 'a'})",0.6241709653647752,0.5626381724392041,0.525792188651437,0.8423848878394332,1.4972053605738191,1.0,0.17460977740898603,2.7748724190561345,0.8836170768237216,0.7954292084726866,0.6396230712689316,0.8884485015490551
"frozenset({'o', 'a'})",frozenset({'e'}),0.5626381724392041,0.6241709653647752,0.525792188651437,0.9345121152586771,1.4972053605738191,1.0,0.17460977740898603,5.738909358879875,0.7593002682057254,0.7954292084726866,0.8257508635412251,0.8884485015490551
frozenset({'e'}),"frozenset({'o', 'i'})",0.6241709653647752,0.5965364775239499,0.5571112748710391,0.8925619834710744,1.496240409598824,1.0,0.18477052581961273,3.755314324584775,0.8824709513435005,0.8395335924486396,0.7337107060643798,0.9132359021740795
"frozenset({'o', 'i'})",frozenset({'e'}),0.5965364775239499,0.6241709653647752,0.5571112748710391,0.9339098208770846,1.496240409598824,1.0,0.18477052581961273,5.686609411910551,0.8220277354980552,0.8395335924486396,0.8241482880984389,0.9132359021740795
"frozenset({'õ', 'a'})",frozenset({'e'}),0.11643330876934414,0.6241709653647752,0.10869565217391304,0.9335443037974683,1.4956548054937007,1.0,0.03602136143873656,5.655332140225285,0.37506679294892636,0.1720116618075802,0.8231757259865972,0.5538441707889349
frozenset({'o'}),"frozenset({'a', 'e'})",0.6109064112011791,0.576271186440678,0.525792188651437,0.8606755126658624,1.4935251543319377,1.0,0.1737444262643168,3.0413089735123613,0.8492639251661673,0.7949860724233982,0.6711942098914352,0.8865398023687368
"frozenset({'a', 'e'})",frozenset({'o'}),0.576271186440678,0.6109064112011791,0.525792188651437,0.9124040920716111,1.4935251543319377,1.0,0.1737444262643168,4.441915130520839,0.7798458304134547,0.7949860724233982,0.7748718805704096,0.8865398023687368
frozenset({'o'}),"frozenset({'i', 'e'})",0.6109064112011791,0.6112748710390568,0.5571112748710391,0.9119420989143546,1.4918691117863523,1.0,0.18367953714710533,4.41442646450167,0.8473537457912457,0.8376731301939059,0.773470006117117,0.9116672519888229
"frozenset({'i', 'e'})",frozenset({'o'}),0.6112748710390568,0.6109064112011791,0.5571112748710391,0.9113924050632911,1.4918691117863523,1.0,0.18367953714710533,4.391199073586692,0.848156924697209,0.8376731301939059,0.772271768316072,0.9116672519888229
"frozenset({'o', 'ɨ'})",frozenset({'e'}),0.12306558585114223,0.6241709653647752,0.11459100957995579,0.9311377245508982,1.4917991643631272,1.0,0.037777044056066716,5.457691198615869,0.37593288119106166,0.18112987769365171,0.816772337677586,0.5573634313427455
"frozenset({'õ', 'i'})",frozenset({'e'}),0.12269712601326456,0.6241709653647752,0.11422254974207811,0.9309309309309309,1.4914678551042189,1.0,0.037638566150895295,5.441350805805646,0.3756052620883065,0.18054746651135703,0.8162221044573986,0.5569648751466934
"frozenset({'o', 'õ'})",frozenset({'e'}),0.12159174649963155,0.6241709653647752,0.1131171702284451,0.9303030303030303,1.490461879718078,1.0,0.03722313243538104,5.392329627374964,0.3746174278031611,0.17880023296447292,0.8145513963161022,0.5557654466745376
frozenset({'o'}),frozenset({'e'}),0.6109064112011791,0.6241709653647752,0.5663227708179809,0.9270205066344995,1.4852028660011993,1.0,0.18501272639101063,5.149789582026478,0.8396214092782084,0.846831955922865,0.8058173088294429,0.9171702297044989
frozenset({'e'}),frozenset({'o'}),0.6241709653647752,0.6109064112011791,0.5663227708179809,0.9073199527744983,1.4852028660011993,1.0,0.18501272639101063,4.198245474045879,0.8692551060762629,0.846831955922865,0.7618052574147617,0.9171702297044989
"frozenset({'o', 'aː'})",frozenset({'e'}),0.1901252763448784,0.6241709653647752,0.1761238025055269,0.9263565891472868,1.484139187099018,1.0,0.05745312522909947,5.1033626808362085,0.4027891464663577,0.2759815242494226,0.8040507675938592,0.6042644811143754
frozenset({'õ'}),frozenset({'e'}),0.1234340456890199,0.6241709653647752,0.11422254974207811,0.9253731343283582,1.482563569402104,1.0,0.037178602285482795,5.036109064112012,0.37132706884161143,0.18033740546829552,0.8014340064383962,0.5541859768454069
"frozenset({'eː', 'u'})",frozenset({'o'}),0.18165070007369197,0.6109064112011791,0.1643330876934414,0.9046653144016227,1.4808574567466852,1.0,0.05336151041924049,4.081343388889758,0.3967933484492704,0.26158357771261,0.7549826356875038,0.5868320540645026
"frozenset({'o', 'iː'})",frozenset({'e'}),0.19896831245394253,0.6241709653647752,0.18312453942520265,0.9203703703703703,1.4745485154576063,1.0,0.05893429576382511,4.719713458209794,0.40176477447944337,0.28612550374208406,0.7881227305737107,0.6068794000612182
"frozenset({'o', 'oː'})",frozenset({'e'}),0.18459837877671334,0.6241709653647752,0.16985998526160648,0.9201596806387226,1.4742109641401966,1.0,0.05463903697577288,4.70725865880619,0.39449398300125565,0.26585928489042676,0.7875621306406795,0.5961483172969292
"frozenset({'eː', 'i'})",frozenset({'o'}),0.19307295504789979,0.6109064112011791,0.17317612380250552,0.8969465648854962,1.4682225434856675,1.0,0.055226617734186495,3.7756488987144845,0.3952083940542116,0.27453271028037385,0.7351448646773074,0.5902103150121087
"frozenset({'aː', 'eː'})",frozenset({'e'}),0.18791451731761238,0.6241709653647752,0.1720707442888725,0.9156862745098039,1.467044007685719,1.0,0.05477995860868261,4.45750715497592,0.39202423469883446,0.2688543465745538,0.7756593617839291,0.5956825705488806
"frozenset({'oː', 'uː'})",frozenset({'o'}),0.18349299926308033,0.6109064112011791,0.1643330876934414,0.895582329317269,1.4659894099922004,1.0,0.052236038033092416,3.726319369650244,0.38930080458467564,0.26081871345029245,0.7316386759157841,0.5822905615223257
"frozenset({'oː', 'iː'})",frozenset({'o'}),0.1993367722918202,0.6109064112011791,0.17796610169491525,0.8927911275415896,1.461420458472783,1.0,0.05618998951369274,3.62930399207176,0.394340861256966,0.28146853146853146,0.7244650758976082,0.5920529823473931
"frozenset({'oː', 'u'})",frozenset({'e'}),0.17686072218128224,0.6241709653647752,0.16028002947678702,0.9062499999999999,1.4519259149940966,1.0,0.04988870177778476,4.0088430361090595,0.3781372518754051,0.25014376078205863,0.750551470588235,0.5815193329397874
frozenset({'ã'}),"frozenset({'o', 'a'})",0.18312453942520265,0.5626381724392041,0.14885777450257923,0.8128772635814889,1.444760244505672,1.0,0.04582491831161223,2.337299229007694,0.37685504003715675,0.24938271604938272,0.5721557652570859,0.5387241589682167
"frozenset({'oː', 'eː'})",frozenset({'o'}),0.1941783345615328,0.6109064112011791,0.17133382461311716,0.8823529411764706,1.4443340665578657,1.0,0.05270903511310929,3.3072955047899772,0.3817710714830056,0.27034883720930236,0.6976381461675579,0.5814056623855814
frozenset({'õ'}),"frozenset({'u', 'e'})",0.1234340456890199,0.5851142225497421,0.10427413411938098,0.844776119402985,1.443779841347419,1.0,0.03205111843988076,2.672821835496853,0.35065658433555086,0.17256097560975608,0.6258635773176744,0.5114938531523741
"frozenset({'a', 'eː'})",frozenset({'e'}),0.19344141488577746,0.6241709653647752,0.17428150331613854,0.900952380952381,1.4434384662956092,1.0,0.05354098864535482,3.7944277535287116,0.38088964909112155,0.2709049255441008,0.7364556489262372,0.5900865800865801
frozenset({'oː'}),"frozenset({'o', 'a'})",0.210759027266028,0.5626381724392041,0.17059690493736182,0.8094405594405595,1.4386520486716952,1.0,0.05201583101133944,2.2951464712364706,0.38632674091955,0.28300733496332514,0.5642979598329221,0.5563247328964421
frozenset({'oː'}),frozenset({'o'}),0.210759027266028,0.6109064112011791,0.18459837877671334,0.8758741258741259,1.4337288164188045,1.0,0.05584433780137274,3.1346694759567,0.3833024893257371,0.28976286871023715,0.6809871000211911,0.5890227082929134
frozenset({'oː'}),"frozenset({'o', 'i'})",0.210759027266028,0.5965364775239499,0.18017686072218128,0.8548951048951049,1.4330977854757967,1.0,0.05445141299053083,2.780495600678321,0.3829133562081956,0.2873090481786134,0.640351885557365,0.5784667000695414
"frozenset({'aː', 'eː'})",frozenset({'o'}),0.18791451731761238,0.6109064112011791,0.16359616801768606,0.8705882352941176,1.4250762790037605,1.0,0.04879798463058167,3.006632277081796,0.36730514543581694,0.25754060324825984,0.6674019607843135,0.5691903782019442
frozenset({'ũ'}),"frozenset({'o', 'u'})",0.1735445836403832,0.5663227708179809,0.1400147383935151,0.8067940552016986,1.424618780622908,1.0,0.04173248892584046,2.2446370873047368,0.36064598634347783,0.2334152334152334,0.5544936837870942,0.5270144641655857
"frozenset({'o', 'ɛ'})",frozenset({'e'}),0.2778187177597642,0.6241709653647752,0.2468680913780398,0.8885941644562334,1.423639056867897,1.0,0.07346171411752378,3.373513001368565,0.4120499543100824,0.3768278965129359,0.7035731003276642,0.6420538708939962
frozenset({'oː'}),"frozenset({'o', 'e'})",0.210759027266028,0.5663227708179809,0.16985998526160648,0.8059440559440559,1.423117871068424,1.0,0.05050234896540712,2.2348051810100444,0.37671323048380584,0.2797330097087378,0.5525337024912216,0.5529394970676689
"frozenset({'eː', 'iː'})",frozenset({'e'}),0.20412675018422993,0.6241709653647752,0.18091378039793662,0.8862815884476534,1.4199340206888615,1.0,0.053503789678671504,3.304909288697054,0.3715942520932336,0.27945361411496866,0.6974198343597365,0.5880640527834489
"frozenset({'eː', 'uː'})",frozenset({'e'}),0.19086219602063376,0.6241709653647752,0.16912306558585113,0.886100386100386,1.419643711851504,1.0,0.049992424444011196,3.2996515244245126,0.36532455524205226,0.26183685111237875,0.6969376939965173,0.578528351255624
"frozenset({'oː', 'i'})",frozenset({'e'}),0.1901252763448784,0.6241709653647752,0.1683861459100958,0.8856589147286821,1.4189364194649605,1.0,0.04971546863366837,3.2869115571487426,0.3645585901645219,0.2606959498003423,0.6957630338957286,0.577717296797635
frozenset({'eː'}),"frozenset({'o', 'e'})",0.21554900515843772,0.5663227708179809,0.17280766396462785,0.8017094017094017,1.4156404139488068,1.0,0.05073735411624214,2.187079129926562,0.3742820487911378,0.28372655777374467,0.5427691726757148,0.553424642299073
frozenset({'oː'}),"frozenset({'o', 'u'})",0.210759027266028,0.5663227708179809,0.16801768607221812,0.7972027972027972,1.4076827531609573,1.0,0.04866004977601876,2.1384773714837495,0.3669508739168181,0.2758620689655172,0.5323775629637991,0.5469423224790824
frozenset({'eː'}),"frozenset({'a', 'e'})",0.21554900515843772,0.576271186440678,0.17428150331613854,0.8085470085470086,1.40306686777275,1.0,0.050066822377377806,2.213226392251816,0.36621228837249015,0.2822195704057279,0.5481709401709401,0.555488338033095
"frozenset({'a', 'eː'})",frozenset({'o'}),0.19344141488577746,0.6109064112011791,0.16543846720707442,0.8552380952380951,1.3999494514331665,1.0,0.04726386666152578,2.6878175542023794,0.3542067494793261,0.25893886966551327,0.6279509379509377,0.5630231489459474
"frozenset({'oː', 'eː'})",frozenset({'e'}),0.1941783345615328,0.6241709653647752,0.16912306558585113,0.8709677419354838,1.395399322085539,1.0,0.04792258704965491,2.9126750184229895,0.35164016325424635,0.2604994324631101,0.6566729917773558,0.5709620291731728
frozenset({'eː'}),frozenset({'e'}),0.21554900515843772,0.6241709653647752,0.1875460574797347,0.8700854700854701,1.3939858121676303,1.0,0.05300662684657573,2.8928945429158754,0.360293486616202,0.28757062146892653,0.6543254566783979,0.5852788625515899
frozenset({'ã'}),"frozenset({'a', 'e'})",0.18312453942520265,0.576271186440678,0.14701547531319087,0.8028169014084507,1.3931234465617233,1.0,0.04148607971222662,2.1489104116222766,0.3454486464243604,0.24007220216606495,0.5346478873239437,0.5289659954612587
frozenset({'ũ'}),"frozenset({'u', 'e'})",0.1735445836403832,0.5851142225497421,0.14112011790714812,0.8131634819532909,1.3897516939680299,1.0,0.03957671377268662,2.220581831580358,0.3393371196027328,0.22852028639618138,0.5496675755073104,0.527173680523245
"frozenset({'oː', 'aː'})",frozenset({'e'}),0.18349299926308033,0.6241709653647752,0.15880619012527636,0.8654618473895583,1.3865781899735898,1.0,0.044275187637561525,2.7934755111692846,0.3414546809954183,0.24474730266893813,0.6420229939365307,0.5599446190902928
"frozenset({'eː', 'uː'})",frozenset({'o'}),0.19086219602063376,0.6109064112011791,0.16138540899042003,0.8455598455598454,1.3841070089562246,1.0,0.044786469785478705,2.5193809874723634,0.3429731100963977,0.25201380897583425,0.6030771030771027,0.5548667744083907
frozenset({'ã'}),"frozenset({'o', 'e'})",0.18312453942520265,0.5663227708179809,0.14333087693441415,0.7826961770623743,1.3820672898811215,1.0,0.0396232803623668,1.9957183602172548,0.33841906372005054,0.2364741641337386,0.49892729358307875,0.5178933064882463
frozenset({'eː'}),"frozenset({'i', 'e'})",0.21554900515843772,0.6112748710390568,0.18201915991156964,0.8444444444444444,1.3814479941062219,1.0,0.050259469580748645,2.498947257606064,0.35199377024053796,0.2822857142857143,0.5998314902580305,0.57110709262608
"frozenset({'eː', 'iː'})",frozenset({'o'}),0.20412675018422993,0.6109064112011791,0.1720707442888725,0.8429602888086641,1.379851763466052,1.0,0.04736840390366498,2.4776764160292717,0.3458898405900546,0.26762177650429797,0.5963960452904493,0.562312472510484
frozenset({'ĩ'}),"frozenset({'o', 'a'})",0.18828297715549006,0.5626381724392041,0.14591009579955785,0.7749510763209394,1.3773524696365615,1.0,0.03997490563138051,1.9434077729005805,0.3375183977771358,0.24116930572472597,0.485439950408618,0.517141549948289
frozenset({'ã'}),"frozenset({'o', 'i'})",0.18312453942520265,0.5965364775239499,0.14996315401621224,0.8189134808853119,1.3727802267589477,1.0,0.04072268631930616,2.2280152296732996,0.3324267803293514,0.23815096547688705,0.5511700339020424,0.5351516138212847
"frozenset({'oː', 'uː'})",frozenset({'e'}),0.18349299926308033,0.6241709653647752,0.156963890935888,0.855421686746988,1.3704925961223882,1.0,0.04243288844817317,2.599484156226973,0.3310876086845987,0.24122310305775765,0.6153082919914956,0.5534487418386652
frozenset({'ũ'}),"frozenset({'o', 'a'})",0.1735445836403832,0.5626381724392041,0.1337509211495947,0.7707006369426752,1.369797988645986,1.0,0.03610811377344689,1.9073835257512493,0.3266544584989849,0.2220183486238532,0.475721591122511,0.5042108292768386
frozenset({'ũ'}),"frozenset({'o', 'e'})",0.1735445836403832,0.5663227708179809,0.13448784082535004,0.7749469214437368,1.3683838287562144,1.0,0.036205591357675385,1.9269997636295382,0.3257415765333853,0.22215459525258674,0.48105857671903274,0.5062112616327337
"frozenset({'oː', 'a'})",frozenset({'e'}),0.1864406779661017,0.6241709653647752,0.159174649963154,0.8537549407114624,1.3678222603842438,1.0,0.04280379201378913,2.5698579935868064,0.3305362654320987,0.2443438914027149,0.6108734402852048,0.5543863251373132
"frozenset({'ã', 'u'})",frozenset({'o'}),0.1658069270449521,0.6109064112011791,0.13854089904200442,0.8355555555555556,1.3677308671759818,1.0,0.03724838428867702,2.3661096616144524,0.32230189459439146,0.21709006928406469,0.57736531986532,0.5311674038332663
frozenset({'eː'}),"frozenset({'o', 'a'})",0.21554900515843772,0.5626381724392041,0.16543846720707442,0.7675213675213675,1.3641473421434127,1.0,0.044162368873642444,1.8812990376695995,0.34029067255557727,0.2699939867708959,0.4684523938104392,0.5307809850049535
"frozenset({'ã', 'i'})",frozenset({'o'}),0.18017686072218128,0.6109064112011791,0.14996315401621224,0.8323108384458078,1.362419550990303,1.0,0.03989195465092979,2.3203264014954077,0.3244745051486625,0.23390804597701148,0.5690261510813658,0.5388936580648822
frozenset({'ĩ'}),"frozenset({'o', 'e'})",0.18828297715549006,0.5663227708179809,0.1451731761238025,0.7710371819960861,1.3614800988532059,1.0,0.03854423880324678,1.8940945650599292,0.3270908843731782,0.23821039903264815,0.4720432556817141,0.5136903541730593
frozenset({'ĩ'}),"frozenset({'o', 'i'})",0.18828297715549006,0.5965364775239499,0.1529108327192336,0.812133072407045,1.361413933608845,1.0,0.04059316874917525,2.1476027081798086,0.3270469075576022,0.24198250728862974,0.5343645283221189,0.5342320704839425
frozenset({'eː'}),"frozenset({'u', 'e'})",0.21554900515843772,0.5851142225497421,0.17170228445099484,0.7965811965811965,1.3614114405046394,1.0,0.04558149587634519,2.0395645362050487,0.33841272273146017,0.27299355594610425,0.5096992606761699,0.5450160390966436
"frozenset({'ĩ', 'ã'})",frozenset({'o'}),0.16654384672070743,0.6109064112011791,0.13780397936624908,0.8274336283185841,1.354435987488925,1.0,0.036061275658462455,2.2547474632957325,0.31397608476716,0.2154377880184332,0.5564913515687854,0.5265033039059748
"frozenset({'ĩ', 'a'})",frozenset({'o'}),0.17686072218128224,0.6109064112011791,0.14591009579955785,0.8250000000000001,1.3504523522316045,1.0,0.03786474672934195,2.2233919359932632,0.31526545671577005,0.22732491389207807,0.5502367424242426,0.5319209891435465
frozenset({'ã'}),frozenset({'o'}),0.18312453942520265,0.6109064112011791,0.15106853352984526,0.8249496981891349,1.35037001259669,1.0,0.03919657834672588,2.22275303026453,0.3176276444767155,0.23495702005730662,0.5501074629595758,0.5361177923997544
"frozenset({'ã', 'ũ'})",frozenset({'o'}),0.15364775239498896,0.6109064112011791,0.12675018422991893,0.8249400479616306,1.3503542160240443,1.0,0.03288578722516887,2.2226305003987425,0.30655506170839614,0.19872905834777582,0.5500826611438119,0.5162094690954112
"frozenset({'a', 'ã'})",frozenset({'o'}),0.18054532056005895,0.6109064112011791,0.14885777450257923,0.8244897959183674,1.3496171930774723,1.0,0.03856148066006716,2.2169285873421196,0.31612383360638224,0.23165137614678902,0.5489254792826221,0.5340784323379533
"frozenset({'ã', 'u'})",frozenset({'e'}),0.1658069270449521,0.6241709653647752,0.13964627855563744,0.8422222222222223,1.349345402072675,1.0,0.03615440883782284,2.382015008251426,0.31035969680300596,0.21473087818696882,0.5801873638344229,0.532976518431064
frozenset({'ũ'}),"frozenset({'o', 'i'})",0.1735445836403832,0.5965364775239499,0.13964627855563744,0.8046709129511678,1.348904791692075,1.0,0.03612060393744275,2.0655578161545614,0.3129725196065861,0.22150789012273528,0.5158692764835336,0.5193830166979434
frozenset({'ũ'}),"frozenset({'a', 'e'})",0.1735445836403832,0.576271186440678,0.1348563006632277,0.7770700636942676,1.3484451105282877,1.0,0.03484755754843061,1.9007263922518163,0.3126667300088435,0.21929298981426004,0.47388535031847145,0.5055427044814049
"frozenset({'a', 'ũ'})",frozenset({'o'}),0.16249078850405305,0.6109064112011791,0.1337509211495947,0.8231292517006803,1.3473901019997867,1.0,0.03448425669133384,2.199875290516411,0.3078466947602652,0.2091013824884793,0.5454287775716348,0.521033865898591
frozenset({'eː'}),"frozenset({'o', 'i'})",0.21554900515843772,0.5965364775239499,0.17317612380250552,0.8034188034188035,1.3468058261140412,1.0,0.044593279531499386,2.052401396943386,0.32825819733567857,0.2710495963091119,0.5127658744097101,0.5468607296896364
frozenset({'eː'}),"frozenset({'o', 'u'})",0.21554900515843772,0.5663227708179809,0.1643330876934414,0.7623931623931623,1.3462166836272236,1.0,0.04226277784505569,1.8251883386437493,0.3278439739914525,0.26610978520286394,0.4521113362234856,0.5262844146383509
frozenset({'eː'}),frozenset({'o'}),0.21554900515843772,0.6109064112011791,0.1772291820191599,0.8222222222222222,1.345905374614663,1.0,0.04554891283983428,2.1886514369933674,0.3276249476343417,0.2729852440408627,0.5430976430976431,0.5561653933789036
"frozenset({'ã', 'ũ'})",frozenset({'e'}),0.15364775239498896,0.6241709653647752,0.12896094325718496,0.8393285371702637,1.3447093564817565,1.0,0.033058477318676754,2.339115036461024,0.30288202002612097,0.19875070982396364,0.5724878920393094,0.5229700537090988
"frozenset({'oː', 'iː'})",frozenset({'e'}),0.1993367722918202,0.6241709653647752,0.1669123065585851,0.8373382624768946,1.3415206873449186,1.0,0.042492080964501314,2.3104944061097332,0.317958001521787,0.2542087542087542,0.5671922003551881,0.5523763331274674
frozenset({'ã'}),"frozenset({'o', 'u'})",0.18312453942520265,0.5663227708179809,0.13854089904200442,0.7565392354124748,1.3358799511447341,1.0,0.03483330246995707,1.7813023380451527,0.30779446059942983,0.22677925211097705,0.43861298632918994,0.5005858180966083
frozenset({'ĩ'}),"frozenset({'a', 'e'})",0.18828297715549006,0.576271186440678,0.14480471628592484,0.7690802348336595,1.334580407505468,1.0,0.03630266165394752,1.8349612180407928,0.3088524900696367,0.23365041617122476,0.4550293542074364,0.5101795036060881
frozenset({'ã'}),"frozenset({'i', 'e'})",0.18312453942520265,0.6112748710390568,0.1492262343404569,0.8148893360160966,1.3330980457791959,1.0,0.03728680511922948,2.0999607510172695,0.3058821564008754,0.23129640205596802,0.5238006236470959,0.5295061508290247
"frozenset({'ĩ', 'ũ'})",frozenset({'o'}),0.16212232866617537,0.6109064112011791,0.13190862196020633,0.8136363636363637,1.3318510801622987,1.0,0.032867051979175096,2.087819256969284,0.2973767092662746,0.2057471264367816,0.5210313360881544,0.5147795810944182
"frozenset({'ĩ', 'u'})",frozenset({'o'}),0.1735445836403832,0.6109064112011791,0.14112011790714812,0.8131634819532909,1.331077014488077,1.0,0.03510061913199877,2.082535003684599,0.3009583630651322,0.21935853379152348,0.5198159943382875,0.5220823441129543
frozenset({'ũ'}),"frozenset({'i', 'e'})",0.1735445836403832,0.6112748710390568,0.14112011790714812,0.8131634819532909,1.3302746775293741,1.0,0.035036674922846095,2.0805629061432307,0.30041009511459504,0.2192329708070979,0.5193608436220204,0.5220127234962355
"frozenset({'a', 'ũ'})",frozenset({'e'}),0.16249078850405305,0.6241709653647752,0.1348563006632277,0.8299319727891157,1.3296548843858678,1.0,0.033434268339769396,2.209874723655122,0.29602677186934295,0.20689655172413793,0.5474856609310392,0.5229943216956204
frozenset({'ĩ'}),frozenset({'o'}),0.18828297715549006,0.6109064112011791,0.1529108327192336,0.812133072407045,1.3293903247965744,1.0,0.0378875548548996,2.071112748710391,0.30524859310141156,0.23660205245153934,0.5171677637431062,0.531217320280724
"frozenset({'ĩ', 'i'})",frozenset({'o'}),0.18828297715549006,0.6109064112011791,0.1529108327192336,0.812133072407045,1.3293903247965744,1.0,0.0378875548548996,2.071112748710391,0.30524859310141156,0.23660205245153934,0.5171677637431062,0.531217320280724
"frozenset({'ã', 'i'})",frozenset({'e'}),0.18017686072218128,0.6241709653647752,0.1492262343404569,0.8282208588957056,1.3269134657868624,1.0,0.03676506924709835,2.187861880197917,0.3005176862255515,0.22778402699662542,0.542932755924456,0.533649980805586
"frozenset({'ĩ', 'ã'})",frozenset({'e'}),0.16654384672070743,0.6241709653647752,0.13780397936624908,0.8274336283185841,1.3256522238823125,1.0,0.03385214578302197,2.1778810725015596,0.2947417693867999,0.21106094808126413,0.540838105153566,0.5241064245489024
frozenset({'ĩ'}),"frozenset({'o', 'u'})",0.18828297715549006,0.5663227708179809,0.14112011790714812,0.7495107632093934,1.3234692331491824,1.0,0.034491180586592396,1.7313208133750921,0.3011025790845381,0.23003003003003006,0.4224062968141831,0.4993487453002074
"frozenset({'ũ', 'u'})",frozenset({'o'}),0.17317612380250552,0.6109064112011791,0.1400147383935151,0.8085106382978724,1.3234607191438033,1.0,0.034220334095595384,2.031933185949399,0.2955952716014637,0.21739130434782608,0.5078578336557061,0.5188512178220364
frozenset({'ĩ'}),"frozenset({'i', 'e'})",0.18828297715549006,0.6112748710390568,0.15217391304347827,0.8082191780821918,1.3221861659524223,1.0,0.03708126046390642,2.0269238867249184,0.3001992660239889,0.2350597609561753,0.5066415633318185,0.5285821628807583
frozenset({'ũ'}),frozenset({'o'}),0.1735445836403832,0.6109064112011791,0.1400147383935151,0.8067940552016986,1.320650823774071,1.0,0.03399523961836576,2.013880003563129,0.29378182415468007,0.21726700971983992,0.5034460850543654,0.5179929262739494
"frozenset({'ũ', 'i'})",frozenset({'o'}),0.17317612380250552,0.6109064112011791,0.13964627855563744,0.8063829787234043,1.3199779277776351,1.0,0.03385187425771771,2.009604249840064,0.29318405222487187,0.21669525443110346,0.5023895873629917,0.5174858198803993
"frozenset({'ĩ', 'ũ'})",frozenset({'e'}),0.16212232866617537,0.6241709653647752,0.13338246131171702,0.8227272727272728,1.3181120532360202,1.0,0.03219041092096496,2.120061221019217,0.2880362687502733,0.20428893905191875,0.5283155080213905,0.5182113341204251
frozenset({'oː'}),frozenset({'e'}),0.210759027266028,0.6241709653647752,0.17280766396462785,0.8199300699300699,1.3136305842917413,1.0,0.04125799845665018,2.087128231178141,0.30250707248073366,0.2609905397885364,0.520872754696284,0.5483947870311506
"frozenset({'ĩ', 'a'})",frozenset({'e'}),0.17686072218128224,0.6241709653647752,0.14480471628592484,0.8187500000000001,1.3117399645808738,1.0,0.03441338858692258,2.073539501435724,0.28871636813438395,0.22066254912970243,0.5177328431372551,0.5253726387249115
frozenset({'oː'}),"frozenset({'a', 'e'})",0.210759027266028,0.576271186440678,0.159174649963154,0.7552447552447552,1.3105717811600164,1.0,0.03772029526747685,1.7312348668280868,0.3002559048310681,0.2535211267605633,0.4223776223776223,0.515729794502173
"frozenset({'ĩ', 'u'})",frozenset({'e'}),0.1735445836403832,0.6241709653647752,0.14185703758290347,0.8174097664543525,1.309592742713762,1.0,0.03353554727825751,2.058319480385941,0.2860454748105217,0.2162921348314607,0.5141667707422674,0.5223412468635399
frozenset({'ã'}),frozenset({'e'}),0.18312453942520265,0.6241709653647752,0.14959469417833457,0.8169014084507042,1.3087782895721436,1.0,0.035293673623325986,2.0526047276231507,0.28881837836156354,0.2274509803921569,0.5128141397404032,0.5282854149691538
frozenset({'oː'}),"frozenset({'i', 'e'})",0.210759027266028,0.6112748710390568,0.1683861459100958,0.798951048951049,1.3070241994292626,1.0,0.03955444869773747,1.9334849892666048,0.2976318171323963,0.25760992108229985,0.48279919132999705,0.5372090989179596
frozenset({'ũ'}),frozenset({'e'}),0.1735445836403832,0.6241709653647752,0.1414885777450258,0.8152866242038217,1.3061912031222975,1.0,0.03316708744037984,2.0346606357838035,0.2836393780650915,0.21560920830993824,0.5085175471462472,0.520984516352206
"frozenset({'ũ', 'u'})",frozenset({'e'}),0.17317612380250552,0.6241709653647752,0.14112011790714812,0.8148936170212766,1.3055615564319627,1.0,0.03302860953520842,2.0303407618224787,0.28306641906703345,0.21504772599663116,0.5074718397997497,0.520492853374865
"frozenset({'ũ', 'i'})",frozenset({'e'}),0.17317612380250552,0.6241709653647752,0.14112011790714812,0.8148936170212766,1.3055615564319627,1.0,0.03302860953520842,2.0303407618224787,0.28306641906703345,0.21504772599663116,0.5074718397997497,0.520492853374865
"frozenset({'a', 'ã'})",frozenset({'e'}),0.18054532056005895,0.6241709653647752,0.14701547531319087,0.8142857142857143,1.3045876201720357,1.0,0.034324328287126074,2.0236948018819794,0.28491417392401874,0.2235294117647059,0.5058543417366946,0.5249114521841795
frozenset({'ã'}),"frozenset({'u', 'e'})",0.18312453942520265,0.5851142225497421,0.13964627855563744,0.7625754527162978,1.3032933115063174,1.0,0.03249750604008039,1.747442638921849,0.28488187345803534,0.22215709261430247,0.4277351497975419,0.5006202200609197
frozenset({'oː'}),"frozenset({'u', 'e'})",0.210759027266028,0.5851142225497421,0.16028002947678702,0.7604895104895104,1.2997282943756494,1.0,0.036961925092685144,1.7322238299383026,0.2921901327580839,0.2521739130434782,0.42270739917276307,0.517209490761128
"frozenset({'ĩ', 'i'})",frozenset({'e'}),0.18828297715549006,0.6241709653647752,0.15217391304347827,0.8082191780821918,1.2948682699616698,1.0,0.03465314543058212,1.9596799663122435,0.2805419420358987,0.23046875000000003,0.4897125973677142,0.5260104154873769
frozenset({'ĩ'}),frozenset({'e'}),0.18828297715549006,0.6241709653647752,0.15217391304347827,0.8082191780821918,1.2948682699616698,1.0,0.03465314543058212,1.9596799663122435,0.2805419420358987,0.23046875000000003,0.4897125973677142,0.5260104154873769
"frozenset({'ɛ', 'u'})",frozenset({'o'}),0.3371407516580693,0.6109064112011791,0.26529108327192336,0.7868852459016393,1.2880618560778343,1.0,0.059329636606824304,1.8257468397483136,0.3373865110246434,0.3885590933621154,0.4522789369100844,0.6105716941209041
frozenset({'ĩ'}),"frozenset({'u', 'e'})",0.18828297715549006,0.5851142225497421,0.14185703758290347,0.7534246575342466,1.2876539801939202,1.0,0.031689989785218045,1.6825923196593793,0.27521148846614113,0.22462077012835474,0.40567897029124794,0.49793399123563714
"frozenset({'ɔ', 'u'})",frozenset({'e'}),0.3290346352247605,0.6241709653647752,0.26381724392041267,0.8017917133258678,1.284570667040381,1.0,0.05844337801372723,1.8961317962104842,0.33016575704306367,0.3826830571886692,0.47261049996706406,0.6122299770879635
"frozenset({'ɔ', 'i'})",frozenset({'e'}),0.3323507737656595,0.6241709653647752,0.26565954310980106,0.7993348115299336,1.280634402887981,1.0,0.05821583980875933,1.8729159626573089,0.32822177929231244,0.38453333333333334,0.4660732142080782,0.6124773231203386
"frozenset({'ɛ', 'i'})",frozenset({'o'}),0.3474576271186441,0.6109064112011791,0.2715549005158438,0.7815482502651114,1.279325664185472,1.0,0.05929080848831547,1.7811420108606228,0.3345962043384025,0.3953862660944207,0.4385624538063565,0.6130298549274894
"frozenset({'a', 'ɛ'})",frozenset({'o'}),0.33308769344141487,0.6109064112011791,0.25902726602800297,0.7776548672566372,1.2729525390437355,1.0,0.05554185861242972,1.7499532550951953,0.3215186690034032,0.3781603012372244,0.4285561645213196,0.6008298461735538
frozenset({'ɔ'}),"frozenset({'o', 'u'})",0.3548268238761975,0.5663227708179809,0.2557111274871039,0.7206645898234683,1.2725333095516544,1.0,0.054764617428992024,1.5525322368114658,0.3319511123326809,0.3842746400885936,0.35589099131766594,0.5860967711641739
"frozenset({'ɔ', 'u'})",frozenset({'o'}),0.3290346352247605,0.6109064112011791,0.2557111274871039,0.7771556550951847,1.2721353726950129,1.0,0.05470175932105639,1.7460330391826482,0.31882441006065954,0.37372105546580503,0.4272731514472834,0.5978661267032015
frozenset({'ɔ'}),"frozenset({'u', 'e'})",0.3548268238761975,0.5851142225497421,0.26381724392041267,0.743509865005192,1.2707089254559767,1.0,0.05620302272829708,1.617550622204851,0.3302023743814387,0.3901907356948229,0.3817813264867594,0.5971957385479361
"frozenset({'ɔ', 'i'})",frozenset({'o'}),0.3323507737656595,0.6109064112011791,0.25681650700073694,0.7727272727272728,1.2648865007127976,1.0,0.05378128853962291,1.712011790714813,0.3136605635631738,0.3741277509393452,0.4158918732782372,0.5965566399824542
"frozenset({'a', 'ɔ'})",frozenset({'e'}),0.32424465733235075,0.6241709653647752,0.2557111274871039,0.7886363636363637,1.2634941504776216,1.0,0.05332702670559977,1.778115862790311,0.30860876369818885,0.36914893617021277,0.43760695187165793,0.5991587957497049
frozenset({'ɔ'}),"frozenset({'o', 'e'})",0.3548268238761975,0.5663227708179809,0.2520265291083272,0.7102803738317757,1.2541970947166161,1.0,0.05108001905021531,1.4968859200798723,0.3141437975292313,0.3766519823788546,0.3319464185041963,0.5776515727324135
"frozenset({'a', 'ɔ'})",frozenset({'o'}),0.32424465733235075,0.6109064112011791,0.24797347089167282,0.7647727272727274,1.2518656102642836,1.0,0.049890330929610344,1.6541176721882251,0.29772936816708023,0.360857908847185,0.3954480888429755,0.5853417315495121
frozenset({'ɔ'}),"frozenset({'a', 'e'})",0.3548268238761975,0.576271186440678,0.2557111274871039,0.7206645898234683,1.2505650235171948,1.0,0.051234652710990064,1.5169176485413642,0.31055452874191264,0.3786142935079104,0.3407684319833851,0.5821993025843684
frozenset({'ɛ'}),"frozenset({'o', 'u'})",0.37546057479734707,0.5663227708179809,0.26529108327192336,0.7065750736015702,1.2476543589815625,1.0,0.05265921021977801,1.4779836004564468,0.3178277613897083,0.392156862745098,0.32340250616368865,0.5875100481866016
"frozenset({'ə', 'u'})",frozenset({'o'}),0.2033898305084746,0.6109064112011791,0.15401621223286663,0.7572463768115942,1.239545637314033,1.0,0.02976406080211834,1.6028332911712626,0.24259391224676782,0.2332589285714286,0.37610479797979807,0.5046786769462073
"frozenset({'ɛ', 'ɔ'})",frozenset({'o'}),0.30545320560058953,0.6109064112011791,0.23065585851142226,0.7551266586248493,1.236075845300266,1.0,0.04405253688807023,1.5889585473607029,0.2749824154032594,0.3363782912412681,0.37065696165515244,0.5663449939686369
"frozenset({'ə', 'u'})",frozenset({'e'}),0.2033898305084746,0.6241709653647752,0.15659543109801033,0.769927536231884,1.2335202676111767,1.0,0.029645404244157736,1.6335246229814493,0.23764705882352946,0.23338824821526635,0.38782679738562087,0.5104065071950448
"frozenset({'ə', 'i'})",frozenset({'o'}),0.20891672807663964,0.6109064112011791,0.15733235077376567,0.7530864197530865,1.232736153926343,1.0,0.029703782184573146,1.5758290346352257,0.23865553918162602,0.23748609566184656,0.36541339319117133,0.5053128118065795
frozenset({'ɔ'}),"frozenset({'i', 'e'})",0.3548268238761975,0.6112748710390568,0.26565954310980106,0.7487019730010385,1.224820466983013,1.0,0.048762822103680326,1.5468690049148281,0.28450316878565934,0.37927406628090476,0.3535328480803966,0.591650564559591
"frozenset({'ə', 'i'})",frozenset({'e'}),0.20891672807663964,0.6241709653647752,0.159174649963154,0.7619047619047619,1.2206667791083374,1.0,0.028774894118707595,1.5784819454679437,0.22851653469958078,0.23619464188080916,0.36647992530345463,0.508461235733963
frozenset({'ɔ'}),frozenset({'e'}),0.3548268238761975,0.6241709653647752,0.2700810611643331,0.7611630321910696,1.2194784352813242,1.0,0.04860845996820984,1.5735798276248762,0.27895967457301746,0.3809771309771311,0.3645063425162382,0.5969333460837285
"frozenset({'ɛ', 'ɔ'})",frozenset({'e'}),0.30545320560058953,0.6241709653647752,0.23176123802505527,0.758745476477684,1.215605208477234,1.0,0.041106215811570146,1.5578113485630067,0.25536724116845827,0.3321013727560718,0.3580737481965042,0.565027992075914
frozenset({'ɔ'}),"frozenset({'o', 'i'})",0.3548268238761975,0.5965364775239499,0.25681650700073694,0.7237798546209762,1.213303598172532,1.0,0.04514936335461911,1.4606592937760763,0.27249114463798924,0.36976127320954905,0.3153776488048669,0.577146258379049
frozenset({'ɛ'}),"frozenset({'o', 'i'})",0.37546057479734707,0.5965364775239499,0.2715549005158438,0.7232580961727184,1.2124289518299924,1.0,0.04757897177711687,1.457905423415231,0.2805417802379897,0.3876906891109943,0.31408445023996145,0.5892386836638762
frozenset({'ɛ'}),frozenset({'o'}),0.37546057479734707,0.6109064112011791,0.2778187177597642,0.7399411187438666,1.211218453721866,1.0,0.04844744546278504,1.4961749697584854,0.2792219274977897,0.3920956838273531,0.331628973741339,0.5973529477917161
"frozenset({'ɨ', 'i'})",frozenset({'o'}),0.1658069270449521,0.6109064112011791,0.12232866617538689,0.7377777777777779,1.2076772550596437,1.0,0.021036151422059488,1.4838314827073684,0.20614436544765644,0.18693693693693697,0.32606902356902384,0.4690095161506501
frozenset({'ɔ'}),frozenset({'o'}),0.3548268238761975,0.6109064112011791,0.2608695652173913,0.735202492211838,1.2034617393624416,1.0,0.044103583645270644,1.4694004941696648,0.26204396519180323,0.3700993204391009,0.3194503445671669,0.5811114994231688
"frozenset({'a', 'ɨ'})",frozenset({'o'}),0.159174649963154,0.6109064112011791,0.11680176860722181,0.7337962962962964,1.201159920475361,1.0,0.019560954444027515,1.4616385248790495,0.19917500006911876,0.17879300620417374,0.31583631453423144,0.46249525309386597
"frozenset({'ɨ', 'u'})",frozenset({'o'}),0.15327929255711129,0.6109064112011791,0.11238025055268976,0.7331730769230769,1.2001397652407906,1.0,0.018740948025169304,1.4582246210838692,0.19695244617557672,0.1724137931034483,0.31423459353146843,0.45856482555442146
"frozenset({'ɛ', 'u'})",frozenset({'e'}),0.3371407516580693,0.6241709653647752,0.2523949889462049,0.7486338797814208,1.199405165127967,1.0,0.04196152051998184,1.4951459421357858,0.2508124951818327,0.3560291060291061,0.33116897032036874,0.5765011193476172
"frozenset({'a', 'ɨ'})",frozenset({'e'}),0.159174649963154,0.6241709653647752,0.11864406779661017,0.7453703703703705,1.1941766146311603,1.0,0.01929187286750815,1.475983117840156,0.19338490264070426,0.17849223946784923,0.32248547567175045,0.46772650749923483
frozenset({'ɨ'}),"frozenset({'o', 'i'})",0.17243920412675018,0.5965364775239499,0.12232866617538689,0.7094017094017094,1.1892008890155894,1.0,0.01946239075858197,1.3883891802852315,0.1922507483182955,0.18917378917378916,0.2797408578230497,0.45723328212519077
"frozenset({'ɨ', 'u'})",frozenset({'e'}),0.15327929255711129,0.6241709653647752,0.11348563006632277,0.7403846153846153,1.186188811188811,1.0,0.017813146060520813,1.447637763039384,0.1853785900783289,0.1709211986681465,0.30921945701357445,0.46110139860139854
"frozenset({'ɨ', 'i'})",frozenset({'e'}),0.1658069270449521,0.6241709653647752,0.12269712601326456,0.7400000000000001,1.1855726092089731,1.0,0.01920525629544996,1.4454962870585573,0.18763728392703674,0.1838763114301491,0.3081960784313728,0.4682880755608029
"frozenset({'ə', 'a'})",frozenset({'e'}),0.20117907148120856,0.6241709653647752,0.14885777450257923,0.73992673992674,1.1854552374032894,1.0,0.02328763924496416,1.4450891050058645,0.19584140148332177,0.22004357298474944,0.3080011491776199,0.4892077619350347
"frozenset({'ə', 'a'})",frozenset({'o'}),0.20117907148120856,0.6109064112011791,0.14554163596168018,0.7234432234432234,1.1842128518847457,1.0,0.022640051394309593,1.4069211886367963,0.19473352328459995,0.2183526810392482,0.289228132978133,0.4808410327107553
"frozenset({'ɛ', 'i'})",frozenset({'e'}),0.3474576271186441,0.6241709653647752,0.25386882829771557,0.7306468716861082,1.1705877271287473,1.0,0.036995865755717366,1.3953022821299883,0.22332384596535534,0.3536960985626283,0.28330942132950754,0.5686882528442347
frozenset({'ɨ'}),frozenset({'o'}),0.17243920412675018,0.6109064112011791,0.12306558585114223,0.7136752136752137,1.1682234800449518,1.0,0.01772137050768173,1.3589238772973746,0.17400461765693906,0.1863839285714286,0.26412360787360795,0.4575613704081738
"frozenset({'ɛ', 'a'})",frozenset({'e'}),0.33308769344141487,0.6241709653647752,0.24244657332350775,0.7278761061946903,1.1661486140569006,1.0,0.03454290615705352,1.3810953142692817,0.21363582931703318,0.3391752577319588,0.27593701197293097,0.558152929130403
frozenset({'ũ'}),"frozenset({'a', 'u'})",0.1735445836403832,0.8036109064112011,0.16249078850405305,0.9363057324840764,1.1651232269425875,1.0,0.02302846834205019,3.0833087693441428,0.171481343317532,0.1994572591587517,0.6756730918607571,0.5692532788967838
frozenset({'ɨ'}),"frozenset({'i', 'e'})",0.17243920412675018,0.6112748710390568,0.12269712601326456,0.7115384615384616,1.164023739973107,1.0,0.017289373748607756,1.3475804470646033,0.1702726769512166,0.18561872909698998,0.2579292745169523,0.4561308944220337
frozenset({'ə'}),frozenset({'e'}),0.22844509948415623,0.6241709653647752,0.16396462785556373,0.7177419354838709,1.1499124043112312,1.0,0.02137582957768583,1.3315085798505102,0.16896858869107023,0.23809523809523808,0.24897216951296627,0.4902168945424077
frozenset({'ə'}),frozenset({'o'}),0.22844509948415623,0.6109064112011791,0.16028002947678702,0.7016129032258064,1.1484785400210125,1.0,0.020721453594424816,1.3039893246230754,0.16756139599732123,0.23602821486706452,0.2331225562072335,0.4819885987781625
frozenset({'ɨ'}),frozenset({'e'}),0.17243920412675018,0.6241709653647752,0.1234340456890199,0.7158119658119658,1.146820351365806,1.0,0.015802501182492712,1.3224660767615428,0.154700229927832,0.18336070060207993,0.24383693648399535,0.45678437723892273
frozenset({'ã'}),"frozenset({'a', 'i'})",0.18312453942520265,0.8470891672807664,0.17759764185703758,0.9698189134808853,1.1448840936003144,1.0,0.02247482824666877,5.0664455907639425,0.15491851910079962,0.20829732065687118,0.8026229667159585,0.5897376429083417
frozenset({'ũ'}),"frozenset({'i', 'u'})",0.1735445836403832,0.8761974944731025,0.17280766396462785,0.9957537154989384,1.1364489419108994,1.0,0.020748334599546336,29.155490051584376,0.14527832146825898,0.19705882352941176,0.9657011424527349,0.5964891369757097
"frozenset({'a', 'ũ'})",frozenset({'u'}),0.16249078850405305,0.8876197494473103,0.16249078850405305,1.0,1.1266085512660855,1.0,0.01826075552458961,inf,0.13418389793224822,0.1830635118306351,1.0,0.5915317559153176
"frozenset({'o', 'ũ'})",frozenset({'u'}),0.1400147383935151,0.8876197494473103,0.1400147383935151,1.0,1.1266085512660855,1.0,0.015734891381732535,inf,0.13067694944301625,0.157741801577418,1.0,0.578870900788709
frozenset({'ũ'}),frozenset({'u'}),0.1735445836403832,0.8876197494473103,0.17317612380250552,0.9978768577494692,1.1242166010510832,1.0,0.019134523953690807,52.93109801031688,0.13369347663179054,0.1950207468879668,0.9811075145313425,0.5964892798502431
"frozenset({'ũ', 'i'})",frozenset({'u'}),0.17317612380250552,0.8876197494473103,0.17280766396462785,0.997872340425532,1.1242115117953067,1.0,0.019093116344791522,52.818717759765484,0.13362902827345324,0.1946058091286307,0.98106731775375,0.596279466186199
"frozenset({'ĩ', 'ũ'})",frozenset({'u'}),0.16212232866617537,0.8876197494473103,0.1617538688282977,0.9977272727272727,1.1240480772859351,1.0,0.017850888077812627,49.447310243182564,0.13171175394626383,0.1821576763485477,0.9797764530551412,0.5899802822748028
"frozenset({'ã', 'ũ'})",frozenset({'u'}),0.15364775239498896,0.8876197494473103,0.15327929255711129,0.9976019184652278,1.1239068521023778,1.0,0.016898513073128812,46.86256448047192,0.1302608335286828,0.17261410788381742,0.9786610056217323,0.5851438400960427
"frozenset({'ũ', 'e'})",frozenset({'u'}),0.1414885777450258,0.8876197494473103,0.14112011790714812,0.9973958333333334,1.1236746748304969,1.0,0.015532061979452061,43.15401621223347,0.12820179517923785,0.15892116182572616,0.9768271857923501,0.5781914824616023
"frozenset({'uː', 'i'})",frozenset({'u'}),0.27081798084008846,0.8876197494473103,0.2675018422991894,0.9877551020408162,1.1128133445158883,1.0,0.027118454000083586,9.177720461802885,0.13902797556157817,0.3002481389578164,0.8910404817664758,0.6445624825272573
frozenset({'ã'}),"frozenset({'a', 'u'})",0.18312453942520265,0.8036109064112011,0.16359616801768606,0.8933601609657947,1.1116824744893017,1.0,0.01643529090406523,1.8416109342194906,0.12298394470248335,0.19874664279319604,0.45699714232864347,0.5484682510468588
"frozenset({'õ', 'ã'})",frozenset({'a'}),0.10759027266028003,0.8942520265291083,0.10685335298452468,0.9931506849315068,1.1105937201912277,1.0,0.01064053362324996,15.439204126750129,0.11158632079501132,0.11939069575957184,0.9352298219655384,0.5563198830508379
"frozenset({'ẽ', 'ã'})",frozenset({'a'}),0.10316875460574797,0.8942520265291083,0.10243183492999262,0.9928571428571429,1.1102654658896933,1.0,0.010172967049318235,14.804716285924892,0.11073934607449629,0.11445039110745163,0.9324539571926335,0.5537009241273766
"frozenset({'ã', 'ũ'})",frozenset({'a'}),0.15364775239498896,0.8942520265291083,0.15254237288135594,0.9928057553956835,1.1102080017074105,1.0,0.015142558930494404,14.698968312454038,0.11728909163180705,0.17037037037037037,0.9319680144386238,0.5816933597744796
frozenset({'ĩ'}),"frozenset({'a', 'i'})",0.18828297715549006,0.8470891672807664,0.17686072218128224,0.9393346379647749,1.1088970019297082,1.0,0.017368251849494587,2.5205624361138157,0.12098180511423799,0.20600858369098712,0.6032631504491542,0.5740605334234488
"frozenset({'ĩ', 'ã'})",frozenset({'a'}),0.16654384672070743,0.8942520265291083,0.16507000736919675,0.9911504424778761,1.1083569430922768,1.0,0.01613783493325094,11.949521002210744,0.11729900846280161,0.18428630193336076,0.9163146372298109,0.587870235660034
"frozenset({'o', 'uː'})",frozenset({'u'}),0.18165070007369197,0.8876197494473103,0.1787030213706706,0.9837728194726166,1.1083268709209968,1.0,0.017466272484331635,6.925432940309506,0.11943445183510727,0.20066197765825405,0.8556046952415788,0.59255058574295
frozenset({'õ'}),"frozenset({'a', 'i'})",0.1234340456890199,0.8470891672807664,0.1156963890935888,0.9373134328358209,1.1065109424603818,1.0,0.011136746116780852,2.4392918552830123,0.10981304032363855,0.1353448275862069,0.5900449559431757,0.5369472775314381
frozenset({'ẽ'}),"frozenset({'a', 'i'})",0.11532792925571113,0.8470891672807664,0.1079587324981577,0.9361022364217252,1.1050811090250379,1.0,0.010265692940722215,2.393054532056003,0.10748507803204856,0.12634756360500216,0.5821240232495473,0.5317744761925938
"frozenset({'o', 'ɔ'})",frozenset({'u'}),0.2608695652173913,0.8876197494473103,0.2557111274871039,0.980225988700565,1.1043309810433097,1.0,0.024158149370414272,5.6832298136646004,0.1278182742837769,0.28642179116797356,0.8240437158469947,0.6341561657907142
"frozenset({'uː', 'e'})",frozenset({'u'}),0.18349299926308033,0.8876197494473103,0.1798084008843036,0.9799196787148594,1.1039858895940757,1.0,0.016936390853072775,5.596536477523942,0.11535886547907914,0.2017362546506821,0.8213180591217326,0.5912466803702981
"frozenset({'ã', 'u'})",frozenset({'a'}),0.1658069270449521,0.8942520265291083,0.16359616801768606,0.9866666666666667,1.1033429473973355,1.0,0.015322987495173634,7.9310980103168935,0.11228034571674146,0.18249075215782984,0.8739140534262488,0.5848042851256696
frozenset({'ũ'}),"frozenset({'a', 'i'})",0.1735445836403832,0.8470891672807664,0.16212232866617537,0.9341825902335456,1.1028149412326413,1.0,0.015114591824155865,2.3232581358309323,0.11280650913954524,0.18884120171673818,0.569569999744199,0.562785075021079
frozenset({'ã'}),frozenset({'a'}),0.18312453942520265,0.8942520265291083,0.18054532056005895,0.9859154929577465,1.1025029451534092,1.0,0.01678583007186188,7.508106116433321,0.11381532315226492,0.20131470829909615,0.8668106198164599,0.593905418501947
"frozenset({'ã', 'i'})",frozenset({'a'}),0.18017686072218128,0.8942520265291083,0.17759764185703758,0.9856850715746421,1.1022452757534318,1.0,0.016474119022574063,7.3872512896094396,0.1131474660823348,0.1980279375513558,0.864631652451494,0.5921420825528753
"frozenset({'o', 'ã'})",frozenset({'a'}),0.15106853352984526,0.8942520265291083,0.14885777450257923,0.9853658536585366,1.1018883093651703,1.0,0.013764432248734554,7.226111520510927,0.10892163435093508,0.16605014385532268,0.8616129854678337,0.5759132523340067
"frozenset({'ɛ', 'e'})",frozenset({'u'}),0.2582903463522476,0.8876197494473103,0.2523949889462049,0.9771754636233951,1.1008942334055187,1.0,0.023131376432363848,4.923659727339716,0.12356253694054334,0.28247422680412376,0.7968990435209652,0.6307629082334494
"frozenset({'ɔ', 'e'})",frozenset({'u'}),0.2700810611643331,0.8876197494473103,0.26381724392041267,0.9768076398362892,1.100479839981606,1.0,0.024087960079263643,4.84557197971302,0.12508989027041803,0.2951360263808739,0.793626014805537,0.6370132014042384
"frozenset({'ã', 'e'})",frozenset({'a'}),0.14959469417833457,0.8942520265291083,0.14701547531319087,0.9827586206896551,1.0989727633093218,1.0,0.013240116886212988,6.133382461311707,0.10590166925111749,0.16392769104354973,0.8369578277063556,0.5735795575636162
"frozenset({'ɪ', 'i'})",frozenset({'u'}),0.10390567428150331,0.8876197494473103,0.10132645541635962,0.9751773049645391,1.098643090773665,1.0,0.009097726844457824,4.527318665122667,0.10019736842105272,0.11382450331125829,0.7791187071270794,0.5446662780530458
"frozenset({'aː', 'ɔ'})",frozenset({'a'}),0.10427413411938098,0.8942520265291083,0.10243183492999262,0.9823321554770318,1.0984958673113574,1.0,0.009184479179168148,5.9853352984524655,0.10010239443163697,0.11430921052631578,0.8329249824552762,0.548438430437321
"frozenset({'aː', 'u'})",frozenset({'a'}),0.2660280029476787,0.8942520265291083,0.261238025055269,0.9819944598337951,1.0981182381495345,1.0,0.023341944305815737,5.87307975738339,0.12173659376575437,0.29057377049180333,0.8297315818429263,0.6370623308645695
"frozenset({'ɔ', 'i'})",frozenset({'u'}),0.3323507737656595,0.8876197494473103,0.3238761974944731,0.9745011086474502,1.097881282220498,1.0,0.02887508695597868,4.407260260805502,0.13353524851388915,0.3614309210526315,0.7731016684235406,0.6696914011481336
"frozenset({'o', 'aː'})",frozenset({'a'}),0.1901252763448784,0.8942520265291083,0.1864406779661017,0.9806201550387597,1.0965814177071256,1.0,0.016420764300287438,5.456595431098003,0.10875139814491795,0.20763233483791546,0.8167355427707098,0.5945540000574927
"frozenset({'aː', 'i'})",frozenset({'a'}),0.28039793662490786,0.8942520265291083,0.2748710390567428,0.9802890932982918,1.0962112069268908,1.0,0.024124615995338494,5.364947187423271,0.12196606856297268,0.3054873054873055,0.813604875301617,0.643832226912846
"frozenset({'aː', 'e'})",frozenset({'a'}),0.19049373618275608,0.8942520265291083,0.18607221812822403,0.97678916827853,1.0922974053184715,1.0,0.015722808505693076,4.555975190370925,0.1043826640288062,0.2070520705207052,0.7805080233725801,0.5924324910201879
"frozenset({'oː', 'aː'})",frozenset({'a'}),0.18349299926308033,0.8942520265291083,0.17796610169491525,0.9698795180722891,1.0845706683346488,1.0,0.013877115250001487,3.5108327192336,0.09549969728905527,0.1977886977886978,0.7151672893665251,0.5844453214588887
"frozenset({'aː', 'iː'})",frozenset({'a'}),0.2745025792188651,0.8942520265291083,0.2660280029476787,0.9691275167785236,1.083729740641497,1.0,0.02055351519374149,3.4253147928615046,0.10649344620003424,0.29469387755102044,0.7080560297453418,0.6333070628804032
frozenset({'aː'}),frozenset({'a'}),0.30397936624907884,0.8942520265291083,0.2943994104642594,0.9684848484848485,1.0830110749022988,1.0,0.02256524617298661,3.3554645428263736,0.11012375845667333,0.32572360375050957,0.7019786717347696,0.6488489343371915
"frozenset({'aː', 'uː'})",frozenset({'a'}),0.2542372881355932,0.8942520265291083,0.24613117170228446,0.9681159420289855,1.0825985441560226,1.0,0.01877896156776543,3.3166409861325166,0.1023067501360917,0.2727643936300531,0.6984901277584209,0.6216764300173769
"frozenset({'o', 'ə'})",frozenset({'u'}),0.16028002947678702,0.8876197494473103,0.15401621223286663,0.9609195402298852,1.082580171101664,1.0,0.011748492627273427,2.8756122935541333,0.09084085817879504,0.17230008244023085,0.6522479743734706,0.5672177609825225
frozenset({'e'}),"frozenset({'a', 'u'})",0.6241709653647752,0.8036109064112011,0.5427413411938099,0.8695395513577332,1.0820405054492839,1.0,0.041150745961468393,1.505353504703282,0.20174114452298234,0.613238967527061,0.3357042071011031,0.772458909103901
"frozenset({'aː', 'eː'})",frozenset({'a'}),0.18791451731761238,0.8942520265291083,0.18165070007369197,0.9666666666666667,1.080977887652795,1.0,0.013607762148177882,3.172439204126752,0.0922460729707742,0.20171849427168576,0.6847851335656215,0.5848990523279769
"frozenset({'ə', 'i'})",frozenset({'u'}),0.20891672807663964,0.8876197494473103,0.20044215180545322,0.9594356261022928,1.080908380756174,1.0,0.015003537974714487,2.770417481016312,0.09461988684621501,0.2236842105263158,0.6390435712840089,0.5926277341802456
"frozenset({'aː', 'ɛ'})",frozenset({'a'}),0.10832719233603537,0.8942520265291083,0.10464259395725865,0.9659863945578231,1.0802171713349535,1.0,0.007770782682550534,3.1089904200442127,0.08328192294261436,0.11653672548215017,0.6783521771077766,0.5415016439208563
frozenset({'ĩ'}),"frozenset({'a', 'u'})",0.18828297715549006,0.8036109064112011,0.16285924834193072,0.8649706457925636,1.076355035617156,1.0,0.011552994408207867,1.4544177800561766,0.0873931680986231,0.19644444444444445,0.3124396485572562,0.5338149881874326
"frozenset({'aː', 'uː'})",frozenset({'u'}),0.2542372881355932,0.8876197494473103,0.24281503316138542,0.955072463768116,1.075992804759928,1.0,0.017148995166306552,2.50136686714052,0.09470271761622302,0.2700819672131148,0.6002185792349736,0.6143149782518456
"frozenset({'ə', 'e'})",frozenset({'u'}),0.16396462785556373,0.8876197494473103,0.15659543109801033,0.955056179775281,1.0759744590743514,1.0,0.011057189202633377,2.500460574797353,0.08445804059834612,0.17496912309592427,0.600073678393812,0.5657389657697492
"frozenset({'o', 'ɛ'})",frozenset({'u'}),0.2778187177597642,0.8876197494473103,0.26529108327192336,0.9549071618037135,1.0758065741532912,1.0,0.01869370262222847,2.4921973210802353,0.09757227891156461,0.29471960704052397,0.5987476627386177,0.6268931823962527
"frozenset({'ɨ', 'e'})",frozenset({'a'}),0.1234340456890199,0.8942520265291083,0.11864406779661017,0.9611940298507462,1.0748580951853832,1.0,0.00826292229651758,2.725043931749897,0.07945167211026086,0.1319672131147541,0.6330334390763945,0.5469340565405358
"frozenset({'ɛ', 'i'})",frozenset({'u'}),0.3474576271186441,0.8876197494473103,0.3305084745762712,0.9512195121951219,1.071652036570179,1.0,0.02209822264966338,2.303795136330138,0.10246275463666761,0.36537678207739305,0.5659336265493798,0.6617865929593293
frozenset({'e'}),"frozenset({'a', 'i'})",0.6241709653647752,0.8470891672807664,0.5663227708179809,0.9073199527744983,1.071103241335358,1.0,0.03759430752630133,1.649878666410075,0.17663132917448057,0.625814332247557,0.39389482368671874,0.7879357484620643
frozenset({'ĩ'}),frozenset({'i'}),0.18828297715549006,0.9336772291820191,0.18828297715549006,1.0,1.0710339384372534,1.0,0.012487448742810686,inf,0.08170676350431229,0.20165745856353592,1.0,0.600828729281768
"frozenset({'ĩ', 'u'})",frozenset({'i'}),0.1735445836403832,0.9336772291820191,0.1735445836403832,1.0,1.0710339384372534,1.0,0.011509957647483054,inf,0.08024966562639331,0.18587213891081295,1.0,0.5929360694554064
"frozenset({'o', 'ĩ'})",frozenset({'i'}),0.1529108327192336,0.9336772291820191,0.1529108327192336,1.0,1.0710339384372534,1.0,0.010141470114024331,inf,0.07829491083079596,0.16377269139700082,1.0,0.5818863456985004
"frozenset({'ẽ', 'u'})",frozenset({'i'}),0.10574797347089167,0.9336772291820191,0.10574797347089167,1.0,1.0710339384372534,1.0,0.007013498608975877,inf,0.07416563658838084,0.11325966850828731,1.0,0.5566298342541437
"frozenset({'ã', 'ũ'})",frozenset({'i'}),0.15364775239498896,0.9336772291820191,0.15364775239498896,1.0,1.0710339384372534,1.0,0.010190344668790735,inf,0.07836308228123652,0.16456195737963697,1.0,0.5822809786898184
"frozenset({'ã', 'u'})",frozenset({'i'}),0.1658069270449521,0.9336772291820191,0.1658069270449521,1.0,1.0710339384372534,1.0,0.010996774822436023,inf,0.07950530035335684,0.17758484609313335,1.0,0.5887924230465666
"frozenset({'ẽ', 'e'})",frozenset({'i'}),0.11422254974207811,0.9336772291820191,0.11422254974207811,1.0,1.0710339384372534,1.0,0.00757555598878927,inf,0.07487520798668892,0.12233622730860302,1.0,0.5611681136543015
"frozenset({'ĩ', 'ã'})",frozenset({'i'}),0.16654384672070743,0.9336772291820191,0.16654384672070743,1.0,1.0710339384372534,1.0,0.011045649377202427,inf,0.07957559681697625,0.1783741120757695,1.0,0.5891870560378848
"frozenset({'o', 'ẽ'})",frozenset({'i'}),0.10943257184966838,0.9336772291820191,0.10943257184966838,1.0,1.0710339384372534,1.0,0.0072578713828077845,inf,0.07447248655357888,0.11720599842146803,1.0,0.558602999210734
"frozenset({'õ', 'u'})",frozenset({'i'}),0.10980103168754606,0.9336772291820191,0.10980103168754606,1.0,1.0710339384372534,1.0,0.0072823086601909726,inf,0.07450331125827818,0.11760063141278611,1.0,0.5588003157063931
"frozenset({'õ', 'ũ'})",frozenset({'i'}),0.10022107590272661,0.9336772291820191,0.10022107590272661,1.0,1.0710339384372534,1.0,0.006646939448228001,inf,0.07371007371007374,0.10734017363851621,1.0,0.5536700868192581
"frozenset({'ĩ', 'õ'})",frozenset({'i'}),0.1131171702284451,0.9336772291820191,0.1131171702284451,1.0,1.0710339384372534,1.0,0.0075022441566396925,inf,0.07478188616535109,0.12115232833464878,1.0,0.5605761641673244
"frozenset({'ẽ', 'ã'})",frozenset({'i'}),0.10316875460574797,0.9336772291820191,0.10316875460574797,1.0,1.0710339384372534,1.0,0.006842437667293533,inf,0.07395234182415782,0.11049723756906077,1.0,0.5552486187845304
"frozenset({'a', 'ẽ'})",frozenset({'i'}),0.1079587324981577,0.9336772291820191,0.1079587324981577,1.0,1.0710339384372534,1.0,0.007160122273275019,inf,0.07434944237918222,0.11562746645619573,1.0,0.5578137332280979
"frozenset({'ĩ', 'ẽ'})",frozenset({'i'}),0.10869565217391304,0.9336772291820191,0.10869565217391304,1.0,1.0710339384372534,1.0,0.007208996828041395,inf,0.07441091360066142,0.1164167324388319,1.0,0.5582083662194159
"frozenset({'õ', 'ẽ'})",frozenset({'i'}),0.10316875460574797,0.9336772291820191,0.10316875460574797,1.0,1.0710339384372534,1.0,0.006842437667293533,inf,0.07395234182415782,0.11049723756906077,1.0,0.5552486187845304
"frozenset({'õ', 'e'})",frozenset({'i'}),0.11422254974207811,0.9336772291820191,0.11422254974207811,1.0,1.0710339384372534,1.0,0.00757555598878927,inf,0.07487520798668892,0.12233622730860302,1.0,0.5611681136543015
"frozenset({'ĩ', 'a'})",frozenset({'i'}),0.17686072218128224,0.9336772291820191,0.17686072218128224,1.0,1.0710339384372534,1.0,0.011729893143931774,inf,0.08057296329453902,0.1894238358326756,1.0,0.5947119179163378
"frozenset({'ĩ', 'e'})",frozenset({'i'}),0.15217391304347827,0.9336772291820191,0.15217391304347827,1.0,1.0710339384372534,1.0,0.010092595559257955,inf,0.07822685788787484,0.16298342541436464,1.0,0.5814917127071824
frozenset({'ẽ'}),frozenset({'i'}),0.11532792925571113,0.9336772291820191,0.11532792925571113,1.0,1.0710339384372534,1.0,0.007648867820938848,inf,0.07496876301541036,0.12352012628255722,1.0,0.5617600631412786
"frozenset({'ĩ', 'ũ'})",frozenset({'i'}),0.16212232866617537,0.9336772291820191,0.16212232866617537,1.0,1.0710339384372534,1.0,0.010752402048604115,inf,0.079155672823219,0.17363851617995263,1.0,0.5868192580899763
"frozenset({'i', 'e'})",frozenset({'u'}),0.6112748710390568,0.8876197494473103,0.5810611643330877,0.9505726341169379,1.0709232581956702,1.0,0.03848151645796327,2.27364433740137,0.17036787709581153,0.6330790847049378,0.5601774721094083,0.8026005553316113
frozenset({'aː'}),"frozenset({'a', 'u'})",0.30397936624907884,0.8036109064112011,0.261238025055269,0.8593939393939395,1.0694154752476626,1.0,0.01695689101354425,1.3967327776789584,0.09325834894471084,0.30866347409664785,0.2840434362385588,0.5922370889083407
frozenset({'ũ'}),frozenset({'i'}),0.1735445836403832,0.9336772291820191,0.17317612380250552,0.9978768577494692,1.0687599810308048,1.0,0.011141497809605383,31.238025055269002,0.07784596996803302,0.18540433925049313,0.9679877329558858,0.591677181834482
"frozenset({'ũ', 'u'})",frozenset({'i'}),0.17317612380250552,0.9336772291820191,0.17280766396462785,0.997872340425532,1.068755142823557,1.0,0.011117060532222195,31.171702284451783,0.07780615638385624,0.18500986193293886,0.9679196217494098,0.5914776066768543
"frozenset({'a', 'ũ'})",frozenset({'i'}),0.16249078850405305,0.9336772291820191,0.16212232866617537,0.9977324263038548,1.0686052900507743,1.0,0.010408379488109631,29.248341930729058,0.07665680118385793,0.17357001972386588,0.9658100277147891,0.5856854712419037
"frozenset({'ã', 'e'})",frozenset({'i'}),0.14959469417833457,0.9336772291820191,0.1492262343404569,0.9975369458128078,1.0683959238105607,1.0,0.00955307477969794,26.927044952099664,0.07527868712155249,0.1597633136094675,0.9628626163108914,0.5786816536483139
"frozenset({'ũ', 'e'})",frozenset({'i'}),0.1414885777450258,0.9336772291820191,0.14112011790714812,0.9973958333333334,1.0682447875559065,1.0,0.009015454677267748,25.46794399410502,0.07441365322336654,0.1510848126232742,0.9607349537037043,0.5742701345040779
"frozenset({'o', 'ũ'})",frozenset({'a'}),0.1400147383935151,0.8942520265291083,0.1337509211495947,0.9552631578947368,1.0682258799037148,1.0,0.008542457597250863,2.363778230525813,0.07426685645895745,0.14852700490998363,0.5769484687328075,0.552415262507319
"frozenset({'o', 'ũ'})",frozenset({'i'}),0.1400147383935151,0.9336772291820191,0.13964627855563744,0.9973684210526316,1.0682154280729448,1.0,0.008917705567734968,25.202652910832658,0.07425620572787717,0.1495069033530572,0.9603216374269005,0.5734671623810909
frozenset({'aː'}),"frozenset({'a', 'i'})",0.30397936624907884,0.8470891672807664,0.2748710390567428,0.9042424242424243,1.0674701780747888,1.0,0.017373410830275493,1.5968536328274399,0.09081006589582408,0.3137089991589571,0.3737685286600951,0.614365666231695
frozenset({'o'}),"frozenset({'a', 'i'})",0.6109064112011791,0.8470891672807664,0.5523212969786293,0.9041013268998793,1.0673036107900271,1.0,0.03482909382774102,1.594504155021944,0.1620676410536314,0.6098454027664768,0.3728457860392106,0.7780619727148375
"frozenset({'o', 'ĩ'})",frozenset({'a'}),0.1529108327192336,0.8942520265291083,0.14591009579955785,0.9542168674698795,1.067055862510611,1.0,0.009169273762129726,2.3097583679168467,0.07418574610832124,0.16189697465249386,0.567054279837119,0.5586906339821586
"frozenset({'ə', 'ɔ'})",frozenset({'u'}),0.11090641120117907,0.8876197494473103,0.10501105379513632,0.946843853820598,1.0667223824280212,1.0,0.0065683328726453966,2.114153463522475,0.0703513861321351,0.11752577319587627,0.526997440226567,0.5325751025018307
"frozenset({'ũ', 'e'})",frozenset({'a'}),0.1414885777450258,0.8942520265291083,0.1348563006632277,0.953125,1.0658348784507623,1.0,0.008329853284017086,2.2559567673790233,0.07194821642158576,0.14969325153374233,0.5567290940766552,0.5519642305315204
"frozenset({'o', 'e'})",frozenset({'u'}),0.5663227708179809,0.8876197494473103,0.5357406042741342,0.9459986987638257,1.0657702235139157,1.0,0.033061328334371476,2.081065603608245,0.14229810477994673,0.5834670947030498,0.5194769457213866,0.7747843223997626
frozenset({'o'}),"frozenset({'a', 'u'})",0.6109064112011791,0.8036109064112011,0.5228445099484156,0.8558504221954161,1.065005981585676,1.0,0.0319134551106221,1.3623979797917503,0.1568726375808827,0.5863636363636363,0.2660000860006741,0.7532347021568553
"frozenset({'ɨ', 'e'})",frozenset({'i'}),0.1234340456890199,0.9336772291820191,0.12269712601326456,0.9940298507462687,1.0646397059689714,1.0,0.007449568247613711,11.10906411201189,0.06926472500243003,0.13130914826498424,0.9099834162520738,0.5627213184275937
frozenset({'õ'}),frozenset({'i'}),0.1234340456890199,0.9336772291820191,0.12269712601326456,0.9940298507462687,1.0646397059689714,1.0,0.007449568247613711,11.10906411201189,0.06926472500243003,0.13130914826498424,0.9099834162520738,0.5627213184275937
"frozenset({'a', 'uː'})",frozenset({'u'}),0.261238025055269,0.8876197494473103,0.2468680913780398,0.9449929478138223,1.0646371358931979,1.0,0.014988061032371769,2.043015324150179,0.08218185878587103,0.27369281045751637,0.5105274110384053,0.6115583252975296
"frozenset({'o', 'ɨ'})",frozenset({'i'}),0.12306558585114223,0.9336772291820191,0.12232866617538689,0.9940119760479041,1.0646205615603836,1.0,0.007425130970230509,11.07590272660272,0.0692163612432925,0.13091482649842273,0.9097139055222881,0.5625150645827524
"frozenset({'o', 'õ'})",frozenset({'i'}),0.12159174649963155,0.9336772291820191,0.1208548268238762,0.9939393939393939,1.0645428236588457,1.0,0.007327381860697743,10.943257184966775,0.0690221394663611,0.12933753943217666,0.9086195286195281,0.5616895075458611
"frozenset({'õ', 'a'})",frozenset({'i'}),0.11643330876934414,0.9336772291820191,0.1156963890935888,0.9936708860759493,1.0642552426243594,1.0,0.006985259977333069,10.478997789240923,0.06833189016324645,0.12381703470031545,0.904571026722925,0.5587928226749124
"frozenset({'õ', 'e'})",frozenset({'a'}),0.11422254974207811,0.8942520265291083,0.10869565217391304,0.9516129032258064,1.064143971716044,1.0,0.006551905591737808,2.1854581183984254,0.06805042443385316,0.1208026208026208,0.5424300325952564,0.5365810704839374
"frozenset({'ĩ', 'e'})",frozenset({'a'}),0.15217391304347827,0.8942520265291083,0.14480471628592484,0.9515738498789346,1.0641003001942433,1.0,0.008722886161930093,2.183695652173911,0.07105108631826193,0.16060482223130365,0.5420607267297158,0.5567510782151163
"frozenset({'o', 'õ'})",frozenset({'a'}),0.12159174649963155,0.8942520265291083,0.1156963890935888,0.9515151515151515,1.0640346605735975,1.0,0.006962723377079677,2.1810519528371426,0.06851141367075618,0.12853049529267296,0.5415056488227223,0.540446492115219
"frozenset({'õ', 'ã'})",frozenset({'i'}),0.10759027266028003,0.9336772291820191,0.10685335298452468,0.9931506849315068,1.0636980895438475,1.0,0.0063987653201364875,9.68312453942517,0.06710327742817286,0.11435331230283911,0.8967275494672752,0.5537971262068742
"frozenset({'u', 'e'})",frozenset({'i'}),0.5851142225497421,0.9336772291820191,0.5810611643330877,0.9930730478589421,1.0636149376042499,1.0,0.03475333826785321,9.57459636899587,0.1441604503458351,0.619646365422397,0.8955569549398275,0.8077046375837726
"frozenset({'o', 'ã'})",frozenset({'i'}),0.15106853352984526,0.9336772291820191,0.14996315401621224,0.9926829268292683,1.063197104741371,1.0,0.008913904213475377,9.064112011790712,0.07001817158067167,0.1604256996452503,0.8896747967479675,0.5766492771478623
"frozenset({'o', 'ɔ'})",frozenset({'a'}),0.2608695652173913,0.8942520265291083,0.24797347089167282,0.9505649717514125,1.0629721192143937,1.0,0.014690333536253264,2.1391304347826137,0.08015033650904653,0.27335499593826157,0.5325203252032531,0.6139310231645403
"frozenset({'o', 'u'})",frozenset({'i'}),0.5663227708179809,0.9336772291820191,0.5619012527634488,0.9921925829538061,1.0626719298092462,1.0,0.033138577283432835,8.494841562269679,0.13599008315110683,0.5989787902592302,0.882281500759054,0.7970039473569346
frozenset({'e'}),"frozenset({'i', 'u'})",0.6241709653647752,0.8761974944731025,0.5810611643330877,0.9309327036599765,1.0624690318474248,1.0,0.034164128357614065,1.7924909774578182,0.1564437315826776,0.6320641282565131,0.4421171361106433,0.7970475124691809
frozenset({'ɔ'}),"frozenset({'a', 'u'})",0.3548268238761975,0.8036109064112011,0.30287398673544585,0.8535825545171339,1.0621838848966079,1.0,0.01773128118128714,1.3412957242979666,0.09074064038484794,0.35400516795865633,0.2544522569596653,0.6152369443837389
"frozenset({'o', 'ɨ'})",frozenset({'a'}),0.12306558585114223,0.8942520265291083,0.11680176860722181,0.9491017964071856,1.061335919014875,1.0,0.0067501190638459135,2.0776366552516365,0.06590143944012933,0.12970540098199673,0.5186838865822363,0.5398578615328058
frozenset({'i'}),"frozenset({'a', 'u'})",0.9336772291820191,0.8036109064112011,0.7962417096536477,0.8528018942383583,1.061212444274601,1.0,0.045928505215186544,1.3341822068472282,0.8697105249627229,0.846123727486296,0.2504771875476631,0.9218158943910728
"frozenset({'a', 'u'})",frozenset({'i'}),0.8036109064112011,0.9336772291820191,0.7962417096536477,0.9908298945437872,1.061212444274601,1.0,0.045928505215186544,7.232498157700793,0.29371087146958763,0.846123727486296,0.8617351877324364,0.9218158943910728
"frozenset({'o', 'i'})",frozenset({'u'}),0.5965364775239499,0.8876197494473103,0.5619012527634488,0.9419394688079061,1.0611970603340213,1.0,0.03240369404745935,1.9355704855830294,0.14293225540833887,0.6092688773471835,0.48335645358904006,0.7874911125691668
"frozenset({'a', 'e'})",frozenset({'u'}),0.576271186440678,0.8876197494473103,0.5427413411938099,0.9418158567774936,1.0610577979635192,1.0,0.03123165507163106,1.931458372136337,0.135804480651731,0.5892000000000001,0.4822565091610411,0.776636446446032
frozenset({'ɨ'}),"frozenset({'a', 'i'})",0.17243920412675018,0.8470891672807664,0.15475313190862197,0.8974358974358976,1.059434982879959,1.0,0.008681750078335049,1.4908806190125292,0.06779035746088281,0.17895185342991055,0.3292554834723517,0.5400620113538774
"frozenset({'a', 'i'})",frozenset({'u'}),0.8470891672807664,0.8876197494473103,0.7962417096536477,0.9399739016963896,1.0589826356180994,1.0,0.0443486352323631,1.8721898262364725,0.3642479218121901,0.8484491558696504,0.4658661285377095,0.9185133103334584
frozenset({'u'}),"frozenset({'a', 'i'})",0.8876197494473103,0.8470891672807664,0.7962417096536477,0.8970527189705271,1.0589826356180994,1.0,0.0443486352323631,1.4853314355670695,0.49561602476084876,0.8484491558696504,0.3267495886409889,0.9185133103334584
"frozenset({'ɔ', 'e'})",frozenset({'a'}),0.2700810611643331,0.8942520265291083,0.2557111274871039,0.9467939972714869,1.05875521573746,1.0,0.014190591213766951,1.9875196039529097,0.07602846639618142,0.2814274128142741,0.49686030869273734,0.6163718647255663
"frozenset({'iː', 'u'})",frozenset({'i'}),0.2748710390567428,0.9336772291820191,0.2715549005158438,0.9879356568364612,1.05811261746415,1.0,0.014914070386961631,5.497420781134907,0.07573964986596979,0.2898151789225325,0.81809651474531,0.639390085718941
frozenset({'i'}),frozenset({'u'}),0.9336772291820191,0.8876197494473103,0.8761974944731025,0.9384372533543806,1.0572514344557031,1.0,0.04744714624189983,1.8254586852597203,0.8164797682459596,0.9270955165692009,0.45219247738947144,0.9627844216128483
frozenset({'u'}),frozenset({'i'}),0.8876197494473103,0.9336772291820191,0.8761974944731025,0.9871315898713159,1.057251434455703,1.0,0.04744714624189983,5.153921125823089,0.481856912407452,0.9270955165692009,0.8059729717263963,0.9627844216128483
"frozenset({'ẽ', 'e'})",frozenset({'a'}),0.11422254974207811,0.8942520265291083,0.1079587324981577,0.9451612903225806,1.0569294363145791,1.0,0.005814985915982465,1.928345398586846,0.060808777180239956,0.11988543371522095,0.48142070360795713,0.5329432327179446
"frozenset({'ĩ', 'õ'})",frozenset({'a'}),0.1131171702284451,0.8942520265291083,0.10685335298452468,0.9446254071661238,1.0563301833740668,1.0,0.005698094272499538,1.9096839915037493,0.060127788203945404,0.11865793780687399,0.4763531534803482,0.5320572441681464
frozenset({'e'}),frozenset({'u'}),0.6241709653647752,0.8876197494473103,0.5851142225497421,0.9374262101534829,1.0561123845398723,1.0,0.031087746660374505,1.7959636267571375,0.14137032646811865,0.6314115308151094,0.44319585034935294,0.7983104483727149
"frozenset({'eː', 'u'})",frozenset({'i'}),0.18165070007369197,0.9336772291820191,0.17907148120854827,0.9858012170385395,1.0558265600010246,1.0,0.009468358884769545,4.671018001894925,0.06461146223015249,0.19126328217237312,0.7859139057922014,0.5887964254095618
"frozenset({'ɨ', 'u'})",frozenset({'i'}),0.15327929255711129,0.9336772291820191,0.15106853352984526,0.985576923076923,1.0555863335559468,1.0,0.007955148364141518,4.598378776713322,0.06219193784627155,0.1614173228346457,0.7825320512820505,0.5736882247586668
"frozenset({'ə', 'u'})",frozenset({'i'}),0.2033898305084746,0.9336772291820191,0.20044215180545322,0.9855072463768116,1.0555117074454092,1.0,0.010541698412500161,4.576271186440695,0.06602002503128915,0.21400472069236823,0.7814814814814823,0.600093796826922
"frozenset({'oː', 'u'})",frozenset({'i'}),0.17686072218128224,0.9336772291820191,0.17428150331613854,0.9854166666666666,1.0554146935017101,1.0,0.009150674278788073,4.547847141804385,0.06378645609558986,0.18614718614718614,0.78011574074074,0.5860390357800579
"frozenset({'o', 'iː'})",frozenset({'i'}),0.19896831245394253,0.9336772291820191,0.19602063375092116,0.9851851851851852,1.0551667689789237,1.0,0.010248451083901877,4.476787030213703,0.06526896818864097,0.20928402832415424,0.776625514403292,0.5975649682832003
frozenset({'õ'}),frozenset({'a'}),0.1234340456890199,0.8942520265291083,0.11643330876934414,0.9432835820895522,1.0548296834738544,1.0,0.006052163269251551,1.8645037427762476,0.05929919496012046,0.12919051512673752,0.46366425711165415,0.5367427387167992
"frozenset({'õ', 'u'})",frozenset({'a'}),0.10980103168754606,0.8942520265291083,0.10353721444362564,0.9429530201342281,1.0544600315798496,1.0,0.005347419342050741,1.853699770254452,0.05801772289128229,0.11497545008183307,0.4605383158337809,0.529366909737489
"frozenset({'õ', 'i'})",frozenset({'a'}),0.12269712601326456,0.8942520265291083,0.1156963890935888,0.9429429429429429,1.054448762730592,1.0,0.005974235506929604,1.8533723771477322,0.05885901390252456,0.12837285363859363,0.4604430214186309,0.5361603878291146
"frozenset({'o', 'ɔ'})",frozenset({'i'}),0.2608695652173913,0.9336772291820191,0.25681650700073694,0.9844632768361583,1.0543935806366747,1.0,0.013248534170645004,4.268774703557346,0.06979491940248143,0.2738703339882122,0.7657407407407426,0.629761235892428
"frozenset({'ɔ', 'u'})",frozenset({'i'}),0.3290346352247605,0.9336772291820191,0.3238761974944731,0.9843225083986562,1.054242812862649,1.0,0.016664050972902356,4.230445310032635,0.07668341601802775,0.3449764521193093,0.7636182655219609,0.6656024538836217
"frozenset({'ĩ', 'ẽ'})",frozenset({'a'}),0.10869565217391304,0.8942520265291083,0.10243183492999262,0.9423728813559321,1.0538112896580139,1.0,0.005230527698567813,1.8350383631713532,0.05729075276364276,0.11374795417348608,0.4550522648083617,0.5284587933767712
frozenset({'ã'}),frozenset({'i'}),0.18312453942520265,0.9336772291820191,0.18017686072218128,0.9839034205231388,1.0537939555247826,1.0,0.009197648156424654,4.120302137067064,0.06249164063155787,0.1923682140047207,0.7572993516655491,0.5884394766388386
"frozenset({'o', 'e'})",frozenset({'i'}),0.5663227708179809,0.9336772291820191,0.5571112748710391,0.9837345478204294,1.0536130871289051,1.0,0.028348599391023077,4.07752394988945,0.11733377387583009,0.5908558030480656,0.7547531265813627,0.7902098153466788
"frozenset({'a', 'ã'})",frozenset({'i'}),0.18054532056005895,0.9336772291820191,0.17759764185703758,0.9836734693877551,1.0535476700546045,1.0,0.00902658721474231,4.062269712601336,0.062024239529538235,0.18961447678992918,0.7538321995464858,0.5869432856015334
"frozenset({'ɔ', 'e'})",frozenset({'i'}),0.2700810611643331,0.9336772291820191,0.26565954310980106,0.9836289222373806,1.0534999585446927,1.0,0.013491006267347061,4.051215917465,0.06957357027685335,0.28318931657501967,0.753160527512506,0.6340796544888561
"frozenset({'aː', 'u'})",frozenset({'i'}),0.2660280029476787,0.9336772291820191,0.26160648489314664,0.9833795013850415,1.0532328203468835,1.0,0.013222196216131965,3.990420044215168,0.06886136093670454,0.2788688138256088,0.7493998153277923,0.6317844626104371
"frozenset({'ɛ', 'e'})",frozenset({'i'}),0.2582903463522476,0.9336772291820191,0.25386882829771557,0.9828815977175464,1.0526995486209239,1.0,0.012709013391084961,3.874355195283714,0.06749452218057232,0.2706205813040063,0.7418925344745602,0.6273918643678498
"frozenset({'a', 'e'})",frozenset({'i'}),0.576271186440678,0.9336772291820191,0.5663227708179809,0.9827365728900256,1.052544222108733,1.0,0.02827148620461395,3.841807909604524,0.11781392322706606,0.6001561889886763,0.7397058823529414,0.7946437402729529
"frozenset({'a', 'ɔ'})",frozenset({'u'}),0.32424465733235075,0.8876197494473103,0.30287398673544585,0.9340909090909092,1.05235480584173,1.0,0.015068025234475702,1.7050796635580538,0.07362153642869093,0.3331982164572356,0.41351713859910666,0.6376556662515567
frozenset({'ĩ'}),"frozenset({'i', 'u'})",0.18828297715549006,0.8761974944731025,0.1735445836403832,0.9217221135029354,1.0519570294562517,1.0,0.00857151080480642,1.581577008106116,0.060847348674312976,0.19478908188585606,0.36771969061597226,0.559893857424302
"frozenset({'ɛ', 'ɔ'})",frozenset({'u'}),0.30545320560058953,0.8876197494473103,0.2851879145173176,0.9336550060313631,1.0518637137273223,1.0,0.014061616694244605,1.6938768674214508,0.07099089095881407,0.31412337662337664,0.40963831596432587,0.6274750746221572
"frozenset({'ã', 'e'})",frozenset({'u'}),0.14959469417833457,0.8876197494473103,0.13964627855563744,0.9334975369458127,1.051686307708981,1.0,0.006863073590417101,1.6898659897922954,0.05779141497052803,0.15558292282430214,0.4082370992489695,0.5454121142595398
"frozenset({'o', 'a'})",frozenset({'i'}),0.5626381724392041,0.9336772291820191,0.5523212969786293,0.9816633922724296,1.0513948092452148,1.0,0.026998847103558155,3.616959679966315,0.11176673244111646,0.5850897736143638,0.723524703485411,0.7866091231291115
"frozenset({'o', 'ə'})",frozenset({'i'}),0.16028002947678702,0.9336772291820191,0.15733235077376567,0.981609195402299,1.0513367625579477,1.0,0.00768253695866683,3.6063006632277324,0.058150324775750384,0.16797797010228166,0.7227075351213301,0.5750587413475583
"frozenset({'aː', 'i'})",frozenset({'u'}),0.28039793662490786,0.8876197494473103,0.26160648489314664,0.9329829172141919,1.0511065327186868,1.0,0.012719738640603134,1.6768896209920974,0.06756741163828851,0.2886178861788618,0.40365782727644856,0.6138555100807365
"frozenset({'o', 'ẽ'})",frozenset({'a'}),0.10943257184966838,0.8942520265291083,0.1028002947678703,0.9393939393939393,1.0504800789102395,1.0,0.004939995623012089,1.7448415622697115,0.05395918694195677,0.11411042944785275,0.42688206102840215,0.5271753380529647
frozenset({'ĩ'}),frozenset({'a'}),0.18828297715549006,0.8942520265291083,0.17686072218128224,0.9393346379647749,1.0504137649099297,1.0,0.00848828829905146,1.7431359497943748,0.05912675896504771,0.1952807160292921,0.4263212802661991,0.5685548344335617
"frozenset({'ĩ', 'i'})",frozenset({'a'}),0.18828297715549006,0.8942520265291083,0.17686072218128224,0.9393346379647749,1.0504137649099297,1.0,0.00848828829905146,1.7431359497943748,0.05912675896504771,0.1952807160292921,0.4263212802661991,0.5685548344335617
"frozenset({'ĩ', 'e'})",frozenset({'u'}),0.15217391304347827,0.8876197494473103,0.14185703758290347,0.9322033898305084,1.050228310502283,1.0,0.006784467014834511,1.6576086956521727,0.05641025641025639,0.15798112433319658,0.3967213114754094,0.546010370714341
"frozenset({'ɛ', 'u'})",frozenset({'i'}),0.3371407516580693,0.9336772291820191,0.3305084745762712,0.980327868852459,1.0499644183368484,1.0,0.01572783172382186,3.3714075165806987,0.07179016213020623,0.3514890282131662,0.703387978142077,0.6671568310323858
frozenset({'o'}),"frozenset({'i', 'u'})",0.6109064112011791,0.8761974944731025,0.5619012527634488,0.91978287092883,1.0497437812030466,1.0,0.026626585911420864,1.5433425125082438,0.121787133631396,0.6073277578653923,0.35205568958584726,0.7805390384921694
"frozenset({'ɛ', 'e'})",frozenset({'a'}),0.2582903463522476,0.8942520265291083,0.24244657332350775,0.9386590584878745,1.0496582961417764,1.0,0.011469907665105028,1.7239378930952343,0.06378373399649992,0.2663967611336032,0.4199326994288896,0.604887831674922
"frozenset({'ĩ', 'ũ'})",frozenset({'a'}),0.16212232866617537,0.8942520265291083,0.15217391304347827,0.9386363636363637,1.04963291755628,1.0,0.007195692088132782,1.7233003084145337,0.05643541795771133,0.16829665851670741,0.41971808679125844,0.5544026482376297
"frozenset({'ĩ', 'u'})",frozenset({'a'}),0.1735445836403832,0.8942520265291083,0.16285924834193072,0.9384288747346072,1.0494008924720741,1.0,0.007666652728367723,1.7174929484410346,0.05696051869768799,0.1799674267100977,0.4177559791976449,0.5602733578452599
"frozenset({'o', 'uː'})",frozenset({'i'}),0.18165070007369197,0.9336772291820191,0.17796610169491525,0.9797160243407708,1.0493091120997837,1.0,0.00836297937113653,3.269712601326453,0.05742288693564067,0.18985849056603776,0.6941627225602882,0.5851618795737004
"frozenset({'ũ', 'u'})",frozenset({'a'}),0.17317612380250552,0.8942520265291083,0.16249078850405305,0.9382978723404255,1.0492543986534466,1.0,0.007627688847206743,1.7138464665972095,0.05677422484145178,0.17956026058631921,0.41651716213210754,0.5600018409909792
frozenset({'e'}),frozenset({'i'}),0.6241709653647752,0.9336772291820191,0.6112748710390568,0.9793388429752067,1.0489051380563186,1.0,0.028500653561407407,3.2100221075902855,0.12405890626292737,0.6457765667574933,0.6884756657483942,0.817017487785946
"frozenset({'uː', 'u'})",frozenset({'i'}),0.27339719970523213,0.9336772291820191,0.2675018422991894,0.9784366576819407,1.0479388669884717,1.0,0.012237102412285095,3.0757184966838573,0.06295855475276453,0.2847058823529412,0.6748727163821499,0.6324701046894312
"frozenset({'iː', 'e'})",frozenset({'i'}),0.19786293294030952,0.9336772291820191,0.19344141488577746,0.9776536312849162,1.0471002191425662,1.0,0.0087012999002416,2.9679439941046475,0.0560771704180064,0.20620581304006286,0.6630664183736815,0.5924179758634526
frozenset({'ũ'}),frozenset({'a'}),0.1735445836403832,0.8942520265291083,0.16249078850405305,0.9363057324840764,1.0470266823081102,1.0,0.007298192890490052,1.6602431834930003,0.05434594702794187,0.17948717948717946,0.3976785991699775,0.5590057710628046
"frozenset({'o', 'a'})",frozenset({'u'}),0.5626381724392041,0.8876197494473103,0.5228445099484156,0.9292730844793713,1.046927003435871,1.0,0.023435756298436694,1.5889318758699738,0.10248623655492632,0.5637663885578068,0.370646397629553,0.7591570901848911
"frozenset({'o', 'ɛ'})",frozenset({'i'}),0.2778187177597642,0.9336772291820191,0.2715549005158438,0.9774535809018569,1.0468859583929122,1.0,0.012161889903005763,2.9416099527504582,0.06201506382743072,0.28890631125049,0.6600501031535531,0.6341490477516388
"frozenset({'ũ', 'i'})",frozenset({'a'}),0.17317612380250552,0.8942520265291083,0.16212232866617537,0.9361702127659574,1.0468751369784954,1.0,0.007259229009329071,1.6567182510439677,0.05415451304488742,0.17908017908017906,0.3963970642745935,0.5587319955465551
frozenset({'ẽ'}),frozenset({'a'}),0.11532792925571113,0.8942520265291083,0.1079587324981577,0.9361022364217252,1.046799122228497,1.0,0.004826498045832392,1.6549557848194538,0.050534973340175454,0.11973845525132815,0.39575424964655825,0.5284137057675169
"frozenset({'ẽ', 'i'})",frozenset({'a'}),0.11532792925571113,0.8942520265291083,0.1079587324981577,0.9361022364217252,1.046799122228497,1.0,0.004826498045832392,1.6549557848194538,0.050534973340175454,0.11973845525132815,0.39575424964655825,0.5284137057675169
"frozenset({'o', 'eː'})",frozenset({'i'}),0.1772291820191599,0.9336772291820191,0.17317612380250552,0.9771309771309771,1.046540438805632,1.0,0.007701272204660575,2.9001138875862478,0.05404998523120318,0.18467583497053047,0.6551859551859546,0.581304241525236
frozenset({'ẽ'}),"frozenset({'i', 'u'})",0.11532792925571113,0.8761974944731025,0.10574797347089167,0.9169329073482427,1.0464911314310894,1.0,0.004697930814266366,1.4903917011507266,0.050217171416671535,0.11938435940099833,0.3290354480450319,0.5188112812603283
frozenset({'o'}),frozenset({'i'}),0.6109064112011791,0.9336772291820191,0.5965364775239499,0.9764776839565742,1.0458407396440972,1.0,0.02614707222410184,2.819568051697752,0.11265020495255233,0.6292265837543723,0.6453357458785689,0.8076942484502682
"frozenset({'oː', 'o'})",frozenset({'i'}),0.18459837877671334,0.9336772291820191,0.18017686072218128,0.9760479041916168,1.0453804309297743,1.0,0.00782155791444672,2.7689756816507054,0.05323811609590844,0.19206598586017284,0.6388556220891557,0.5845117184730776
"frozenset({'oː', 'e'})",frozenset({'u'}),0.17280766396462785,0.8876197494473103,0.16028002947678702,0.9275053304904051,1.0449354366753671,1.0,0.006892534085929047,1.5501863973297485,0.05198679056908055,0.17805976258698322,0.3549162850851125,0.5540390911480668
"frozenset({'eː', 'i'})",frozenset({'u'}),0.19307295504789979,0.8876197494473103,0.17907148120854827,0.9274809160305343,1.044907931136102,1.0,0.007696113223879669,1.5496645076212994,0.05326117594001914,0.19861054352268082,0.3546990364159673,0.5646121890239845
frozenset({'ɔ'}),frozenset({'u'}),0.3548268238761975,0.8876197494473103,0.3290346352247605,0.9273104880581515,1.0447159255250407,1.0,0.014083338718585192,1.5460311611748585,0.06634186959555342,0.3602258975393304,0.3531825068518794,0.649001860882542
"frozenset({'o', 'eː'})",frozenset({'u'}),0.1772291820191599,0.8876197494473103,0.1643330876934414,0.9272349272349272,1.0446307980554554,1.0,0.0070209655548429395,1.5444257290241064,0.051926965874700436,0.1824877250409165,0.35251013939538467,0.5561869945431589
frozenset({'o'}),frozenset({'u'}),0.6109064112011791,0.8876197494473103,0.5663227708179809,0.9270205066344995,1.044389229973446,1.0,0.02407017517183485,1.5398880612922308,0.10923483369807405,0.6075098814229251,0.3506021475607597,0.7825222915073702
"frozenset({'o', 'eː'})",frozenset({'a'}),0.1772291820191599,0.8942520265291083,0.16543846720707442,0.9334719334719335,1.0438577780975804,1.0,0.006950912026344458,1.589524226234341,0.05106536194778256,0.18259455063033755,0.3708809318565418,0.5592369968142527
frozenset({'õ'}),"frozenset({'a', 'u'})",0.1234340456890199,0.8036109064112011,0.10353721444362564,0.8388059701492536,1.0437961499243809,1.0,0.004344269105470741,1.218339747263844,0.047866937721671936,0.1257270693512304,0.17921088740164054,0.48382297590452134
"frozenset({'ɨ', 'i'})",frozenset({'a'}),0.1658069270449521,0.8942520265291083,0.15475313190862197,0.9333333333333335,1.0437027880785608,1.0,0.006479951386109545,1.5862196020633785,0.05019560827864729,0.17094017094017097,0.36957026713124413,0.5531932426864442
"frozenset({'oː', 'e'})",frozenset({'i'}),0.17280766396462785,0.9336772291820191,0.1683861459100958,0.9744136460554371,1.0436300850017586,1.0,0.00703956503818462,2.5921149594694217,0.050539735760966625,0.1794972505891595,0.6142146410803133,0.5773804615438985
"frozenset({'o', 'ɛ'})",frozenset({'a'}),0.2778187177597642,0.8942520265291083,0.25902726602800297,0.9323607427055703,1.0426151857037158,1.0,0.010587314663615482,1.5634112156284787,0.05659709118355753,0.28369652945924134,0.3603730163864738,0.6110093783573175
"frozenset({'ə', 'ɛ'})",frozenset({'u'}),0.10832719233603537,0.8876197494473103,0.10022107590272661,0.9251700680272109,1.0423045100148818,1.0,0.0040677205830843,1.5018088028404908,0.045518351968886726,0.11188811188811189,0.3341362774618046,0.5190399945781551
frozenset({'ɔ'}),"frozenset({'i', 'u'})",0.3548268238761975,0.8761974944731025,0.3238761974944731,0.9127725856697819,1.0417429762438133,1.0,0.01297782344230003,1.4193072955047894,0.06210785450732186,0.35702680747359866,0.29543094496365496,0.6412054686128557
"frozenset({'a', 'ɨ'})",frozenset({'i'}),0.159174649963154,0.9336772291820191,0.15475313190862197,0.9722222222222224,1.0412829957028855,1.0,0.006135385775006552,2.38761974944733,0.04715162138475039,0.1649646504320503,0.5811728395061763,0.5689840392879069
"frozenset({'iː', 'i'})",frozenset({'u'}),0.29403095062638174,0.8876197494473103,0.2715549005158438,0.9235588972431078,1.0404893512319613,1.0,0.010567221791100367,1.470154753131909,0.05512105443554663,0.29838056680161945,0.31979949874686736,0.6147474851512342
"frozenset({'o', 'aː'})",frozenset({'i'}),0.1901252763448784,0.9336772291820191,0.18459837877671334,0.9709302325581395,1.0398992309245425,1.0,0.007082737561561581,2.2815033161385383,0.047375676308892715,0.196547665751275,0.5616925064599478,0.5843206806042474
"frozenset({'ə', 'e'})",frozenset({'i'}),0.16396462785556373,0.9336772291820191,0.159174649963154,0.9707865168539326,1.0397453065278506,1.0,0.0060846105431103525,2.270279462615499,0.04572294859866484,0.1696113074204947,0.5595255930087393,0.5706339845516704
"frozenset({'o', 'ĩ'})",frozenset({'u'}),0.1529108327192336,0.8876197494473103,0.14112011790714812,0.9228915662650602,1.039737530445568,1.0,0.005393442881122423,1.457431374355194,0.04511781146758101,0.1569029086439984,0.31386134702745355,0.5409393489274658
"frozenset({'eː', 'e'})",frozenset({'i'}),0.1875460574797347,0.9336772291820191,0.18201915991156964,0.9705304518664047,1.0394710522357626,1.0,0.006911676619879237,2.25055268975682,0.04673772342945276,0.19380149078069836,0.5556647020301251,0.5827395747887667
"frozenset({'eː', 'e'})",frozenset({'a'}),0.1875460574797347,0.8942520265291083,0.17428150331613854,0.9292730844793713,1.0391624026687325,1.0,0.006568061347341142,1.4951588471301072,0.04638602445911416,0.19204222492894843,0.33117474312548345,0.5620819480905304
"frozenset({'uː', 'e'})",frozenset({'i'}),0.18349299926308033,0.9336772291820191,0.17796610169491525,0.9698795180722891,1.038773880050589,1.0,0.006642866568664141,2.2019159911569623,0.045714958405273946,0.18948607296979206,0.545850066934404,0.5802436264394595
frozenset({'ĩ'}),frozenset({'u'}),0.18828297715549006,0.8876197494473103,0.1735445836403832,0.9217221135029354,1.0384200149634566,1.0,0.006420894632433477,1.4356577008106115,0.04558057772984723,0.19232339730502246,0.3034551345802187,0.5586194627290517
"frozenset({'ĩ', 'i'})",frozenset({'u'}),0.18828297715549006,0.8876197494473103,0.1735445836403832,0.9217221135029354,1.0384200149634566,1.0,0.006420894632433477,1.4356577008106115,0.04558057772984723,0.19232339730502246,0.3034551345802187,0.5586194627290517
"frozenset({'o', 'e'})",frozenset({'a'}),0.5663227708179809,0.8942520265291083,0.525792188651437,0.9284320104098892,1.038221869078055,1.0,0.01935690317787775,1.4775875929523647,0.08488972534188581,0.5624753646038628,0.32322117161128705,0.7582003480149981
"frozenset({'ɨ', 'u'})",frozenset({'a'}),0.15327929255711129,0.8942520265291083,0.14222549742078114,0.9278846153846153,1.0376097429558493,1.0,0.005155179426636319,1.4663718987963634,0.042808118796700996,0.1571021571021571,0.31804476011793037,0.5434643513676269
"frozenset({'ĩ', 'a'})",frozenset({'u'}),0.17686072218128224,0.8876197494473103,0.16285924834193072,0.9208333333333333,1.037418707624187,1.0,0.005874178432310639,1.419540006981343,0.0438188910988953,0.1806293420514916,0.29554644808743114,0.5521559775840598
"frozenset({'u', 'e'})",frozenset({'a'}),0.5851142225497421,0.8942520265291083,0.5427413411938099,0.9275818639798489,1.037271190293082,1.0,0.019501761927699368,1.4602415814937049,0.08660688123342745,0.5794649881982691,0.3151818078094422,0.7672519950307155
frozenset({'uː'}),frozenset({'u'}),0.2969786293294031,0.8876197494473103,0.27339719970523213,0.9205955334987592,1.0371508002970662,1.0,0.00979310314866172,1.415288780397935,0.0509515898444342,0.3000404367165386,0.2934304193955164,0.6143035782894377
"frozenset({'uː', 'iː'})",frozenset({'u'}),0.29108327192336036,0.8876197494473103,0.2678703021370671,0.920253164556962,1.0367650845195495,1.0,0.009499041244150686,1.409212665660713,0.05002187670688368,0.2940938511326861,0.29038389707408185,0.6110190687874059
"frozenset({'ã', 'i'})",frozenset({'u'}),0.18017686072218128,0.8876197494473103,0.1658069270449521,0.920245398773006,1.0367563355209375,1.0,0.00587838707452662,1.4090754492375697,0.043244943820224604,0.18382352941176466,0.29031479432766677,0.5535224503205005
"frozenset({'oː', 'uː'})",frozenset({'u'}),0.18349299926308033,0.8876197494473103,0.16875460574797346,0.9196787148594378,1.0361179045780464,1.0,0.005882595716742628,1.3991341193809872,0.042692683618936494,0.18701510820743156,0.28527223648693123,0.5548995483803207
"frozenset({'i', 'e'})",frozenset({'a'}),0.6112748710390568,0.8942520265291083,0.5663227708179809,0.9264617239300784,1.0360185903363135,1.0,0.019688978624985087,1.4379990818705695,0.08943686075231226,0.6029815613966262,0.3045892639241564,0.7798769270659869
"frozenset({'ɨ', 'e'})",frozenset({'u'}),0.1234340456890199,0.8876197494473103,0.11348563006632277,0.9194029850746268,1.0358072650446397,1.0,0.003923133358567074,1.3943475531537421,0.03943733861766638,0.12643678160919541,0.2828186934181545,0.5236284331765828
"frozenset({'o', 'ẽ'})",frozenset({'u'}),0.10943257184966838,0.8876197494473103,0.10058953574060428,0.9191919191919192,1.0355694764163008,1.0,0.0034550237340268547,1.3907056005895362,0.038568382383028746,0.11220715166461159,0.28094055307170085,0.5162584751625847
"frozenset({'o', 'i'})",frozenset({'a'}),0.5965364775239499,0.8942520265291083,0.5523212969786293,0.9258801729462631,1.0353682692114372,1.0,0.018867343054301267,1.4267164087447806,0.08466709922292186,0.5885355319984295,0.2990898584535129,0.7717575566008612
"frozenset({'aː', 'e'})",frozenset({'u'}),0.19049373618275608,0.8876197494473103,0.17501842299189388,0.9187620889748549,1.0350852260181636,1.0,0.005932420610073902,1.383347369898585,0.04187240974534644,0.1937984496124031,0.27711576877952837,0.5579696704733137
frozenset({'uː'}),"frozenset({'a', 'u'})",0.2969786293294031,0.8036109064112011,0.2468680913780398,0.8312655086848635,1.0344129255253185,1.0,0.008212825877882052,1.1638941870042048,0.04732156825933235,0.28916702632714725,0.14081536692442698,0.5692320207339953
"frozenset({'o', 'oː'})",frozenset({'a'}),0.18459837877671334,0.8942520265291083,0.17059690493736182,0.9241516966067864,1.0334353953814661,1.0,0.005519430622297983,1.3942035449714931,0.03967816329777214,0.18782961460446246,0.2827446152990189,0.5574610975823384
frozenset({'ã'}),"frozenset({'i', 'u'})",0.18312453942520265,0.8761974944731025,0.1658069270449521,0.9054325955734406,1.033365880734364,1.0,0.005353664424048665,1.3091456435503837,0.039526888187239984,0.1855670103092783,0.23614304876880257,0.54733362327032
"frozenset({'o', 'ã'})",frozenset({'u'}),0.15106853352984526,0.8876197494473103,0.13854089904200442,0.9170731707317072,1.0331824762830442,1.0,0.004449485160870598,1.3551736096059632,0.03783198507683216,0.1539091281211625,0.26208716513394564,0.5365772661462604
"frozenset({'ẽ', 'i'})",frozenset({'u'}),0.11532792925571113,0.8876197494473103,0.10574797347089167,0.9169329073482427,1.0330244543558036,1.0,0.0033806258006602308,1.3528853239612253,0.036136220825527005,0.11786447638603696,0.2608390509610844,0.5180347392698043
frozenset({'ẽ'}),frozenset({'u'}),0.11532792925571113,0.8876197494473103,0.10574797347089167,0.9169329073482427,1.0330244543558036,1.0,0.0033806258006602308,1.3528853239612253,0.036136220825527005,0.11786447638603696,0.2608390509610844,0.5180347392698043
"frozenset({'uː', 'e'})",frozenset({'a'}),0.18349299926308033,0.8942520265291083,0.1694915254237288,0.9236947791164658,1.032924446032999,1.0,0.005402538978815041,1.3858550207501061,0.03903822005964518,0.18661257606490872,0.27842379972853054,0.5566145918656082
"frozenset({'oː', 'i'})",frozenset({'u'}),0.1901252763448784,0.8876197494473103,0.17428150331613854,0.9166666666666666,1.032724505327245,1.0,0.005522553163296945,1.3485630066322762,0.039126478616924455,0.19290375203915172,0.25846994535519086,0.5565068493150684
frozenset({'e'}),frozenset({'a'}),0.6241709653647752,0.8942520265291083,0.576271186440678,0.923258559622196,1.032436642280445,1.0,0.01810503576259792,1.3779774389206978,0.08359535630108865,0.6116542823621431,0.2742987136398612,0.7838377676561743
"frozenset({'o', 'u'})",frozenset({'a'}),0.5663227708179809,0.8942520265291083,0.5228445099484156,0.9232270657124266,1.032401424121766,1.0,0.016409224474856376,1.3774121629216964,0.07236838560068641,0.5575638506876228,0.27400089318301724,0.7539497504087473
frozenset({'ɨ'}),frozenset({'a'}),0.17243920412675018,0.8942520265291083,0.159174649963154,0.923076923076923,1.0322335266711038,1.0,0.004970542219741081,1.3747236551215911,0.03773374888691004,0.17539585870889157,0.2725810774591259,0.5505372254445183
"frozenset({'iː', 'e'})",frozenset({'u'}),0.19786293294030952,0.8876197494473103,0.1812822402358143,0.9162011173184357,1.0322000134504916,1.0,0.005655193274426817,1.341070989928763,0.03889050718711133,0.2004889975550122,0.2543273193515882,0.5602176196803884
"frozenset({'ẽ', 'e'})",frozenset({'u'}),0.11422254974207811,0.8876197494473103,0.10464259395725865,0.9161290322580644,1.0321188018050589,1.0,0.003256402973962347,1.3399183719743761,0.03513217407607034,0.11663244353182751,0.2536858804865141,0.5170101367184884
"frozenset({'ĩ', 'ã'})",frozenset({'u'}),0.16654384672070743,0.8876197494473103,0.15254237288135594,0.9159292035398231,1.0318936730622996,1.0,0.00471476538313037,1.3367335065741004,0.0370840220915185,0.16918675929709853,0.2519077324822291,0.5438923726291893
"frozenset({'eː', 'e'})",frozenset({'u'}),0.1875460574797347,0.8876197494473103,0.17170228445099484,0.9155206286836934,1.0314333691355517,1.0,0.005232699901001864,1.3302685472399773,0.03751034033069587,0.1900489396411093,0.24827208605752119,0.554480945309053
"frozenset({'eː', 'uː'})",frozenset({'u'}),0.19086219602063376,0.8876197494473103,0.1746499631540162,0.915057915057915,1.0309120720079623,1.0,0.005236908543217844,1.323022040597574,0.03705817251158592,0.19323277619241744,0.24415469333502063,0.5559100285127682
"frozenset({'iː', 'e'})",frozenset({'a'}),0.19786293294030952,0.8942520265291083,0.1823876197494473,0.9217877094972067,1.0307918597344123,1.0,0.005448290992582483,1.352063375092115,0.037240572931891334,0.20048602673147026,0.2603896988690557,0.5628716050576268
"frozenset({'oː', 'e'})",frozenset({'a'}),0.17280766396462785,0.8942520265291083,0.159174649963154,0.9211087420042643,1.0300326023071995,1.0,0.00464104626302439,1.340427015076977,0.035248082157881715,0.1753246753246753,0.25396907944102215,0.549553134908189
frozenset({'o'}),frozenset({'a'}),0.6109064112011791,0.8942520265291083,0.5626381724392041,0.9209891435464415,1.0298988609744715,1.0,0.016333876202925035,1.3383980153796822,0.07461153777460286,0.5969507427677874,0.2528381030837707,0.775080480302269
frozenset({'ɨ'}),frozenset({'i'}),0.17243920412675018,0.9336772291820191,0.1658069270449521,0.9615384615384616,1.029840325420436,1.0,0.004804368733535375,1.724392041267504,0.03501335707925193,0.1763322884012539,0.4200854700854708,0.5695616538157975
"frozenset({'aː', 'e'})",frozenset({'i'}),0.19049373618275608,0.9336772291820191,0.18312453942520265,0.9613152804642167,1.0296012909155028,1.0,0.005264875649556411,1.7144436256448068,0.03551578016116729,0.19459671104150356,0.4167203954438004,0.5787239385746498
"frozenset({'ɔ', 'u'})",frozenset({'a'}),0.3290346352247605,0.8942520265291083,0.30287398673544585,0.9204927211646137,1.029343735163066,1.0,0.008634097387437867,1.330041412809948,0.042486882558312185,0.32906325060048036,0.24814371164028423,0.6295912307924428
"frozenset({'ɔ', 'i'})",frozenset({'a'}),0.3323507737656595,0.8942520265291083,0.3058216654384672,0.9201773835920178,1.028991107980526,1.0,0.008616312480008992,1.3247871120936727,0.042199260618633674,0.33213285314125657,0.24516173891545814,0.6310816872636644
"frozenset({'o', 'ɨ'})",frozenset({'u'}),0.12306558585114223,0.8876197494473103,0.11238025055268976,0.9131736526946107,1.0287892459166348,1.0,0.0031448060739124317,1.2943104718827014,0.0319107315057169,0.1251025430680886,0.2273878472563063,0.519891101980348
"frozenset({'õ', 'e'})",frozenset({'u'}),0.11422254974207811,0.8876197494473103,0.10427413411938098,0.9129032258064516,1.0284845806719425,1.0,0.0028879431360846752,1.2902917656049555,0.031267087245638835,0.11617405582922825,0.22498149127445735,0.5151896784906065
"frozenset({'a', 'ɛ'})",frozenset({'u'}),0.33308769344141487,0.8876197494473103,0.30397936624907884,0.9126106194690266,1.0281549278700448,1.0,0.008324151252627698,1.2859714746788802,0.041060773480663046,0.33159163987138257,0.22237777455389518,0.627538186446842
frozenset({'uː'}),"frozenset({'i', 'u'})",0.2969786293294031,0.8761974944731025,0.2675018422991894,0.9007444168734491,1.0280152848589321,1.0,0.007289911368710156,1.247310243183492,0.038763853515139814,0.2953620829943043,0.19827484343613314,0.6030214935502654
"frozenset({'ɛ', 'ɔ'})",frozenset({'a'}),0.30545320560058953,0.8942520265291083,0.28039793662490786,0.9179734620024125,1.0265265660793357,1.0,0.007245788506768325,1.2891922059907228,0.037205687058421734,0.3050100200400801,0.22432047343047923,0.6157646461227555
"frozenset({'ɨ', 'i'})",frozenset({'u'}),0.1658069270449521,0.8876197494473103,0.15106853352984526,0.9111111111111112,1.0264655689313225,1.0,0.0038950304895764287,1.264277818717761,0.03090795483926581,0.16741527153940383,0.20903460837887142,0.5406531064065311
"frozenset({'o', 'iː'})",frozenset({'u'}),0.19896831245394253,0.8876197494473103,0.1812822402358143,0.9111111111111111,1.0264655689313222,1.0,0.004674036587491687,1.2642778187177595,0.03218749298808528,0.20024420024420023,0.20903460837887042,0.5576726165767262
frozenset({'ɨ'}),"frozenset({'a', 'u'})",0.17243920412675018,0.8036109064112011,0.14222549742078114,0.8247863247863249,1.0263503372169123,1.0,0.0036514722916572984,1.120854826823877,0.031023489081337646,0.17057003977021654,0.10782380013149295,0.5008846800456155
"frozenset({'o', 'aː'})",frozenset({'u'}),0.1901252763448784,0.8876197494473103,0.17317612380250552,0.9108527131782945,1.0261744556105816,1.0,0.00441717364966393,1.2606132453301713,0.0314947824908524,0.1914460285132383,0.20673529037997151,0.5529772075646557
"frozenset({'ɛ', 'uː'})",frozenset({'u'}),0.11495946941783346,0.8876197494473103,0.10464259395725865,0.9102564102564102,1.0255026556396418,1.0,0.0026022985160055884,1.2522370775871141,0.02809865018587782,0.11653672548215017,0.20142917192097498,0.5140738257176614
"frozenset({'oː', 'o'})",frozenset({'u'}),0.18459837877671334,0.8876197494473103,0.16801768607221812,0.9101796407185628,1.0254161664218262,1.0,0.004164519354052154,1.2511667894866119,0.03039753133398334,0.18581907090464547,0.20074604888583442,0.5497349013057322
"frozenset({'eː', 'u'})",frozenset({'a'}),0.18165070007369197,0.8942520265291083,0.16654384672070743,0.9168356997971602,1.0252542600945582,1.0,0.004102340059377152,1.271554900515843,0.030099851378435124,0.18314424635332252,0.21356128658359858,0.5515369269484359
"frozenset({'o', 'iː'})",frozenset({'a'}),0.19896831245394253,0.8942520265291083,0.1823876197494473,0.9166666666666666,1.0250652382914436,1.0,0.004459803122432382,1.2689756816506998,0.030526051685205273,0.20024271844660194,0.21196283391405335,0.5603110836423568
"frozenset({'eː', 'i'})",frozenset({'a'}),0.19307295504789979,0.8942520265291083,0.17686072218128224,0.916030534351145,1.0243538814293398,1.0,0.004204840861734421,1.2593622295169826,0.029463470319634658,0.1942533387292594,0.20594728302790116,0.5569027826267468
"frozenset({'o', 'uː'})",frozenset({'a'}),0.18165070007369197,0.8942520265291083,0.16617538688282976,0.9148073022312373,1.022985998457181,1.0,0.0037338802214994804,1.2412797838368952,0.027457119153893834,0.18266504657756175,0.19437985454905263,0.5503167125082845
frozenset({'ɔ'}),frozenset({'a'}),0.3548268238761975,0.8942520265291083,0.32424465733235075,0.913811007268951,1.0218718886394451,1.0,0.006940051014174109,1.2269313066562473,0.03317519858781969,0.35059760956175295,0.1849584450450634,0.6381992819616283
"frozenset({'ə', 'ɔ'})",frozenset({'a'}),0.11090641120117907,0.8942520265291083,0.10132645541635962,0.9136212624584719,1.021659705938316,1.0,0.0021481724446346384,1.224236154413017,0.023845081565761275,0.11210762331838567,0.18316413349230912,0.5134649369564712
"frozenset({'a', 'ã'})",frozenset({'u'}),0.18054532056005895,0.8876197494473103,0.16359616801768606,0.9061224489795918,1.0208452995145754,1.0,0.003340575818282232,1.1970939732786514,0.02491857865059303,0.18085539714867616,0.16464369354299072,0.5452156454113402
frozenset({'ã'}),frozenset({'u'}),0.18312453942520265,0.8876197494473103,0.1658069270449521,0.9054325955734406,1.0200681047680853,1.0,0.003261969242699614,1.188361372865676,0.024083596451661252,0.1832247557003257,0.15850512913546785,0.5461160487207178
"frozenset({'ə', 'ɔ'})",frozenset({'i'}),0.11090641120117907,0.9336772291820191,0.105379513633014,0.9501661129568106,1.0176601541297492,1.0,0.001828722924175477,1.3308769344141498,0.019518401200954088,0.11220086308356217,0.24861572535991197,0.5315155742368899
frozenset({'ɔ'}),"frozenset({'a', 'i'})",0.3548268238761975,0.8470891672807664,0.3058216654384672,0.8618899273104881,1.017472493571407,1.0,0.005251706672299905,1.1071664053279846,0.026616804166982002,0.34128289473684215,0.09679340414617961,0.6114582302929126
"frozenset({'ə', 'a'})",frozenset({'u'}),0.20117907148120856,0.8876197494473103,0.18165070007369197,0.9029304029304028,1.017249113139524,1.0,0.003080183051499097,1.1577286189012932,0.021227068254455216,0.20024370430544272,0.13623971656758443,0.5537898174884476
"frozenset({'i', 'u'})",frozenset({'a'}),0.8761974944731025,0.8942520265291083,0.7962417096536477,0.9087468460891505,1.016208875272334,1.0,0.012700324581348621,1.1588418475289413,0.1288369581983641,0.8173222390317699,0.13706947834827332,0.8995732582320495
frozenset({'a'}),"frozenset({'i', 'u'})",0.8942520265291083,0.8761974944731025,0.7962417096536477,0.8903996703749485,1.016208875272334,1.0,0.012700324581348621,1.1295815071946629,0.1508335120371091,0.8173222390317699,0.1147163851119349,0.8995732582320495
"frozenset({'o', 'ə'})",frozenset({'a'}),0.16028002947678702,0.8942520265291083,0.14554163596168018,0.9080459770114944,1.01542512633259,1.0,0.0022108947899181774,1.1500092114959488,0.01809032387067407,0.1601134981759222,0.13044174776723272,0.535399173095776
frozenset({'õ'}),"frozenset({'i', 'u'})",0.1234340456890199,0.8761974944731025,0.10980103168754606,0.8895522388059701,1.0152417056851988,1.0,0.0016484301221483671,1.1209145770678557,0.017126929988630885,0.12339544513457555,0.10787135749822267,0.5074338149454577
"frozenset({'ə', 'e'})",frozenset({'a'}),0.16396462785556373,0.8942520265291083,0.14885777450257923,0.907865168539326,1.0152229367184717,1.0,0.002232073763650283,1.1477523949889483,0.01793545374810751,0.16369529983792547,0.12873194221508982,0.5371629097744014
"frozenset({'aː', 'iː'})",frozenset({'i'}),0.2745025792188651,0.9336772291820191,0.26013264554163595,0.9476510067114094,1.0149663899821488,1.0,0.0038358379732482684,1.266934981010149,0.02032495176654591,0.274387874076953,0.21069351230425185,0.6131309492909849
frozenset({'a'}),frozenset({'i'}),0.8942520265291083,0.9336772291820191,0.8470891672807664,0.9472599917593738,1.0145475996980824,1.0,0.012146412960663211,1.2575419123065616,0.13559599462272068,0.8636363636363636,0.20479787574967004,0.9272606193998132
frozenset({'i'}),frozenset({'a'}),0.9336772291820191,0.8942520265291083,0.8470891672807664,0.9072612470402527,1.0145475996980824,1.0,0.012146412960663211,1.1402781479797444,0.21620028031511568,0.8636363636363636,0.12302099117507272,0.9272606193998132
"frozenset({'aː', 'uː'})",frozenset({'i'}),0.2542372881355932,0.9336772291820191,0.2406042741341194,0.946376811594203,1.0136016837674298,1.0,0.003228707392928104,1.2368300503893743,0.017993874425727606,0.25398677557370675,0.19148148148148272,0.6020360774624527
"frozenset({'eː', 'iː'})",frozenset({'a'}),0.20412675018422993,0.8942520265291083,0.184966838614591,0.9061371841155235,1.0132906129746728,1.0,0.0024260785935423523,1.1266226404398847,0.016480374797107757,0.20250100847115776,0.11239135083460199,0.5564884519671148
"frozenset({'ə', 'ɛ'})",frozenset({'i'}),0.10832719233603537,0.9336772291820191,0.10243183492999262,0.945578231292517,1.0127463771617566,1.0,0.0012892021446154617,1.2186809137803973,0.014114989000535094,0.10901960784313726,0.17944066515495047,0.5276431014394708
"frozenset({'eː', 'uː'})",frozenset({'a'}),0.19086219602063376,0.8942520265291083,0.17280766396462785,0.9054054054054054,1.0124722992460942,1.0,0.0021287583853802083,1.117907148120855,0.015224424326455155,0.1894184168012924,0.1054713249835201,0.5493240459247876
frozenset({'u'}),frozenset({'a'}),0.8876197494473103,0.8942520265291083,0.8036109064112011,0.9053549190535491,1.0124158427323167,1.0,0.009855146680684546,1.1173108249621841,0.10912575822490739,0.8214689265536723,0.10499390352380651,0.9019976078580477
frozenset({'a'}),frozenset({'u'}),0.8942520265291083,0.8876197494473103,0.8036109064112011,0.8986402966625463,1.0124158427323167,1.0,0.009855146680684546,1.1087271060625117,0.11596988243413496,0.8214689265536723,0.09806480374475615,0.9019976078580477
"frozenset({'ɪ', 'u'})",frozenset({'i'}),0.10722181282240235,0.9336772291820191,0.10132645541635962,0.9450171821305843,1.0121454744681948,1.0,0.0012158903124658976,1.206245394252029,0.013440888455333448,0.10784313725490197,0.17098129056892122,0.5267706273715274
frozenset({'ɛ'}),frozenset({'u'}),0.37546057479734707,0.8876197494473103,0.3371407516580693,0.8979391560353288,1.0116259317060532,1.0,0.003874530329105008,1.1011103395499127,0.018401276657478826,0.3641066454436928,0.09182580157338478,0.6388824049167927
"frozenset({'iː', 'ɔ'})",frozenset({'a'}),0.11201179071481208,0.8942520265291083,0.10132645541635962,0.9046052631578948,1.0115775377876088,1.0,0.0011596845744845652,1.1085304805224518,0.012888721237269123,0.11197068403908796,0.09790482303319366,0.5089569373061826
"frozenset({'iː', 'u'})",frozenset({'a'}),0.2748710390567428,0.8942520265291083,0.2483419307295505,0.903485254691689,1.0103250849745546,1.0,0.0025379470188965636,1.0956665029067396,0.014093447685218866,0.26970788315326133,0.08731352346078114,0.5905971802918685
"frozenset({'uː', 'i'})",frozenset({'a'}),0.27081798084008846,0.8942520265291083,0.24465733235077378,0.9034013605442176,1.0102312700935339,1.0,0.00247780416400345,1.0947149366352864,0.01388905800057224,0.2658126501200961,0.08652018298608594,0.5884950766462332
"frozenset({'a', 'ɔ'})",frozenset({'i'}),0.32424465733235075,0.9336772291820191,0.3058216654384672,0.9431818181818183,1.0101797373896824,1.0,0.0030818122033247075,1.1672807663964668,0.01491243052909587,0.32120743034055727,0.14330808080808377,0.63536360048791
"frozenset({'oː', 'i'})",frozenset({'a'}),0.1901252763448784,0.8942520265291083,0.17170228445099484,0.9031007751937984,1.0098951396275109,1.0,0.0016823707851805758,1.0913190862196018,0.01209839612288966,0.18813080339119903,0.08367771385355023,0.5475536838474142
"frozenset({'uː', 'u'})",frozenset({'a'}),0.27339719970523213,0.8942520265291083,0.2468680913780398,0.9029649595687332,1.0097432633990697,1.0,0.0023820914942526417,1.0897916154916905,0.013279949138687998,0.26810724289715887,0.08239338073011185,0.5895129701016307
"frozenset({'iː', 'i'})",frozenset({'a'}),0.29403095062638174,0.8942520265291083,0.26529108327192336,0.9022556390977443,1.008950063663485,1.0,0.002353309812001325,1.0818831132021993,0.012565240083507389,0.28742514970059885,0.07568573000445349,0.5994590927256336
"frozenset({'ɛ', 'u'})",frozenset({'a'}),0.3371407516580693,0.8942520265291083,0.30397936624907884,0.901639344262295,1.0082608901227312,1.0,0.002490565853303539,1.0751043969540646,0.01236040224367059,0.3277711561382598,0.06985777117724268,0.6207825893128534
"frozenset({'õ', 'i'})",frozenset({'u'}),0.12269712601326456,0.8876197494473103,0.10980103168754606,0.8948948948948948,1.0081962410729532,1.0,0.000892639437747117,1.0692178124013045,0.009266593191626048,0.12193126022913255,0.06473686801555577,0.5092988380659613
"frozenset({'ɛ', 'ɔ'})",frozenset({'i'}),0.30545320560058953,0.9336772291820191,0.28739867354458365,0.9408926417370326,1.0077279517262456,1.0,0.0022039708946596237,1.1220730001654318,0.011041284091682159,0.3019744483159118,0.1087923870794806,0.6243531874825652
frozenset({'ɛ'}),"frozenset({'a', 'u'})",0.37546057479734707,0.8036109064112011,0.30397936624907884,0.8096172718351325,1.0074742208897522,1.0,0.0022551534145121566,1.0315488987988974,0.011878787878787869,0.34736842105263166,0.030584007055440576,0.5939420609519541
"frozenset({'a', 'ɨ'})",frozenset({'u'}),0.159174649963154,0.8876197494473103,0.14222549742078114,0.8935185185185186,1.0066456036775673,1.0,0.0009389345021230677,1.055397135625261,0.007851489239963223,0.15723014256619144,0.05248937462052277,0.5268754900604216
"frozenset({'oː', 'u'})",frozenset({'a'}),0.17686072218128224,0.8942520265291083,0.159174649963154,0.8999999999999999,1.0064276885043262,1.0,0.0010165907391407603,1.0574797347089162,0.007758877946881586,0.17454545454545456,0.0543554006968636,0.5389987639060568
"frozenset({'ɛ', 'i'})",frozenset({'a'}),0.3474576271186441,0.8942520265291083,0.3124539425202653,0.8992576882290563,1.0055975961490147,1.0,0.001739255336422607,1.0496877787689574,0.008530384709630188,0.3362410785091198,0.04733576952494363,0.6243301214116027
"frozenset({'ĩ', 'õ'})",frozenset({'u'}),0.1131171702284451,0.8876197494473103,0.10095799557848195,0.8925081433224756,1.0055073063417181,1.0,0.0005529612821207758,1.0454768763538111,0.006175722269900263,0.1122031122031122,0.04349869172852076,0.5031241422299385
"frozenset({'a', 'iː'})",frozenset({'i'}),0.2826086956521739,0.9336772291820191,0.26529108327192336,0.9387222946544981,1.005403436342663,1.0,0.0014257793726570878,1.0823311748381141,0.0074915824915825525,0.27896164277411856,0.07606837606837716,0.6114290242017557
"frozenset({'a', 'ɛ'})",frozenset({'i'}),0.33308769344141487,0.9336772291820191,0.3124539425202653,0.9380530973451329,1.004686703312822,1.0,0.0014575478332553016,1.0706390146331222,0.00699468362347582,0.3274131274131275,0.06597836774828172,0.63635093699143
frozenset({'ɛ'}),"frozenset({'i', 'u'})",0.37546057479734707,0.8761974944731025,0.3305084745762712,0.8802747791952895,1.0046533855071555,1.0,0.0015308596654048379,1.0340553535402344,0.007416396181305954,0.3588,0.03293378195242752,0.6287412583949534
"frozenset({'ə', 'i'})",frozenset({'a'}),0.20891672807663964,0.8942520265291083,0.1875460574797347,0.8977072310405645,1.0038637927664162,1.0,0.0007218500213690693,1.0337776027240633,0.004865380761569078,0.2048289738430584,0.03267395485746385,0.553715585029965
"frozenset({'o', 'õ'})",frozenset({'u'}),0.12159174649963155,0.8876197494473103,0.10832719233603537,0.8909090909090909,1.0037058002188761,1.0,0.00039995677317154754,1.030152296732989,0.004203191343651401,0.12024539877300613,0.029269746646795377,0.5064757160647572
frozenset({'eː'}),frozenset({'a'}),0.21554900515843772,0.8942520265291083,0.19344141488577746,0.8974358974358975,1.0035603731524623,1.0,0.0006862802065113194,1.0310427413411944,0.004522579346440537,0.21109770808202657,0.03010810327883562,0.5568761687426707
frozenset({'ɔ'}),frozenset({'i'}),0.3548268238761975,0.9336772291820191,0.3323507737656595,0.9366562824506749,1.0031906671551427,1.0,0.0010570480094751478,1.0470299720936969,0.004929713904376471,0.3475915221579961,0.044917503172954246,0.6463076203097889
"frozenset({'a', 'uː'})",frozenset({'i'}),0.261238025055269,0.9336772291820191,0.24465733235077378,0.9365303244005642,1.0030557618086549,1.0,0.0007453369601873316,1.0449521002210764,0.004123726827509545,0.257464133385033,0.04301833568406246,0.5992833153178827
frozenset({'ə'}),frozenset({'u'}),0.22844509948415623,0.8876197494473103,0.2033898305084746,0.8903225806451613,1.0030450327401277,1.0,0.0006174485418819764,1.0246434609215835,0.003934637265894355,0.22285022204279373,0.024050766790058516,0.5597316514682843
"frozenset({'aː', 'iː'})",frozenset({'u'}),0.2745025792188651,0.8876197494473103,0.2442888725128961,0.8899328859060404,1.0026059993146508,1.0,0.0006349619240066107,1.0210156909969992,0.0035826808748269335,0.2661581694098756,0.020583122455716394,0.5825754093291098
"frozenset({'oː', 'iː'})",frozenset({'a'}),0.1993367722918202,0.8942520265291083,0.1787030213706706,0.8964879852125692,1.0025003674770965,1.0,0.0004457087869389753,1.021600957995578,0.0031150815301188976,0.19532823197744664,0.02114422253279784,0.5481615863434086
frozenset({'õ'}),frozenset({'u'}),0.1234340456890199,0.8876197494473103,0.10980103168754606,0.8895522388059701,1.002177159036697,1.0,0.00023853497979035854,1.0174968631121906,0.002478340964422906,0.12183156173344237,0.017195987276730704,0.506627510021499
"frozenset({'õ', 'a'})",frozenset({'u'}),0.11643330876934414,0.8876197494473103,0.10353721444362564,0.8892405063291139,1.0018259585625633,1.0,0.0001887100864590846,1.0146331192757128,0.00206281034907497,0.11497545008183303,0.014422079269557558,0.5029432087477865
frozenset({'ɨ'}),frozenset({'u'}),0.17243920412675018,0.8876197494473103,0.15327929255711129,0.888888888888889,1.0014298233476315,1.0,0.00021884939523170166,1.0114222549742082,0.0017252894033838865,0.1690369768386835,0.011293260473588763,0.5307873253078733
frozenset({'ə'}),"frozenset({'i', 'u'})",0.22844509948415623,0.8761974944731025,0.20044215180545322,0.8774193548387097,1.0013945033777367,1.0,0.000279128012776908,1.0099678082457433,0.0018048766784651683,0.221678891605542,0.009869431643625071,0.553091510892862
"frozenset({'aː', 'a'})",frozenset({'i'}),0.2943994104642594,0.9336772291820191,0.2748710390567428,0.9336670838548186,0.9999891340102517,1.0,-2.986778346814045e-06,0.9998470544069198,-1.539956265231533e-05,0.2883649014302281,-0.00015296898901290875,0.6140316476890509
frozenset({'ɨ'}),"frozenset({'i', 'u'})",0.17243920412675018,0.8761974944731025,0.15106853352984526,0.8760683760683762,0.9998526377836724,1.0,-2.2265074949123775e-05,0.9989581480446224,-0.0001780626780626304,0.1683087027914614,-0.0010429385429379632,0.5242410845859122
"frozenset({'aː', 'a'})",frozenset({'u'}),0.2943994104642594,0.8876197494473103,0.261238025055269,0.8873591989987486,0.9997064616366143,1.0,-7.670589845276687e-05,0.9976868910177693,-0.0004159611278802889,0.2837134853941577,-0.0023184718603158714,0.5908360959709393
"frozenset({'oː', 'eː'})",frozenset({'a'}),0.1941783345615328,0.8942520265291083,0.1735445836403832,0.8937381404174572,0.9994253453205517,1.0,-9.978554931469596e-05,0.9951639646278554,-0.0007130301160638314,0.18968989126057187,-0.004859536261396948,0.5439024447451934
"frozenset({'ə', 'u'})",frozenset({'a'}),0.2033898305084746,0.8942520265291083,0.18165070007369197,0.8931159420289855,0.9987295701139953,1.0,-0.0002310680339232818,0.989370870439529,-0.0015942778352292064,0.1983105390185036,-0.010743321718931413,0.5481236900091363
"frozenset({'ə', 'a'})",frozenset({'i'}),0.20117907148120856,0.9336772291820191,0.1875460574797347,0.9322344322344321,0.9984547155028607,1.0,-0.0002902605502514699,0.9787089963950679,-0.001933704155926447,0.19797744068455855,-0.021754171754172522,0.566551312407666
"frozenset({'oː', 'aː'})",frozenset({'i'}),0.18349299926308033,0.9336772291820191,0.1709653647752395,0.931726907630522,0.997911139427481,1.0,-0.0003578703510116188,0.9714335255104248,-0.00255708825640725,0.1806853582554517,-0.029406514948684077,0.5574183078010542
"frozenset({'oː', 'uː'})",frozenset({'a'}),0.18349299926308033,0.8942520265291083,0.16359616801768606,0.891566265060241,0.9969966392144598,1.0,-0.0004928184272277036,0.9752313108982233,-0.0036758228071135887,0.17896009673518742,-0.025397758280508588,0.5372540843224567
"frozenset({'aː', 'eː'})",frozenset({'i'}),0.18791451731761238,0.9336772291820191,0.1746499631540162,0.9294117647058823,0.995431542782859,1.0,-0.000801542698168678,0.9395725865880614,-0.005619645916619128,0.18443579766536966,-0.06431372549019666,0.5582339012953247
frozenset({'ɛ'}),frozenset({'a'}),0.37546057479734707,0.8942520265291083,0.33308769344141487,0.887144259077527,0.9920517178147542,1.0,-0.002668686452896585,0.9370189997116408,-0.01266610693604177,0.3556254917387883,-0.06721421903690429,0.6298102836384751
"frozenset({'aː', 'eː'})",frozenset({'u'}),0.18791451731761238,0.8876197494473103,0.16543846720707442,0.8803921568627451,0.9918573323891615,1.0,-0.0013581695718969389,0.9395725865880616,-0.010008003201280697,0.18178137651821863,-0.06431372549019639,0.5333882743632945
frozenset({'ɛ'}),frozenset({'i'}),0.37546057479734707,0.9336772291820191,0.3474576271186441,0.9254170755642788,0.9911530951386949,1.0,-0.003101362025231147,0.8892487297831918,-0.014090544889093082,0.36130268199233717,-0.12454476065859611,0.6487779931886114
"frozenset({'a', 'iː'})",frozenset({'u'}),0.2826086956521739,0.8876197494473103,0.2483419307295505,0.8787483702737942,0.9900054283615929,1.0,-0.0025071288968632477,0.9268349696119692,-0.013877189093327214,0.26938449240607515,-0.07894073139974658,0.5792662565358178
frozenset({'ə'}),"frozenset({'a', 'u'})",0.22844509948415623,0.8036109064112011,0.18165070007369197,0.7951612903225806,0.9894854387599652,1.0,-0.0019302733879678347,0.9587499057090968,-0.013585460938694317,0.2136048526863085,-0.04302487441747845,0.5106021949091124
frozenset({'oː'}),frozenset({'a'}),0.210759027266028,0.8942520265291083,0.1864406779661017,0.8846153846153847,0.9892237963931414,1.0,-0.0020310092758474285,0.9164824367477288,-0.013614703880190503,0.20296831127156037,-0.09112838381130954,0.5465516148458053
frozenset({'aː'}),frozenset({'i'}),0.30397936624907884,0.9336772291820191,0.28039793662490786,0.9224242424242424,0.9879476692736361,1.0,-0.0034206757830382295,0.8549419675755342,-0.017225384128937333,0.2929176289453425,-0.1696700336700338,0.6113699744086484
"frozenset({'ʊ', 'ɪ'})",frozenset({'a'}),0.12232866617538689,0.8942520265291083,0.1079587324981577,0.8825301204819277,0.9868919435467457,1.0,-0.0014339251317848078,0.9002135177522063,-0.01490780366075362,0.11881589618815896,-0.11084757147055097,0.5016276477976181
"frozenset({'uː', 'iː'})",frozenset({'a'}),0.29108327192336036,0.8942520265291083,0.25681650700073694,0.8822784810126583,0.986610546958531,1.0,-0.0034852988054515643,0.8982892370108009,-0.018783932099217027,0.27658730158730155,-0.11322718652141238,0.5847321535677218
"frozenset({'oː', 'a'})",frozenset({'i'}),0.1864406779661017,0.9336772291820191,0.17170228445099484,0.9209486166007904,0.9863672239362846,1.0,-0.0023731311592121163,0.8389830508474571,-0.016704765254088243,0.18104118104118103,-0.19191919191919268,0.5524237952775065
frozenset({'aː'}),frozenset({'u'}),0.30397936624907884,0.8876197494473103,0.2660280029476787,0.8751515151515151,0.9859531806231682,1.0,-0.0037900859594808267,0.9001330748152332,-0.02005855831581975,0.2874203821656051,-0.11094684550422293,0.5874304690743046
"frozenset({'oː', 'iː'})",frozenset({'i'}),0.1993367722918202,0.9336772291820191,0.18349299926308033,0.9205175600739371,0.9859055477666399,1.0,-0.0026232059644334393,0.8344330002913408,-0.01754191648297373,0.19324796274738068,-0.19841856644074696,0.5585223948751691
"frozenset({'uː', 'iː'})",frozenset({'i'}),0.29108327192336036,0.9336772291820191,0.2678703021370671,0.920253164556962,0.9856223711947889,1.0,-0.0039075206535722495,0.8316664912096017,-0.020162098169565518,0.2799383904505199,-0.20240506329113822,0.603575674622601
frozenset({'ə'}),frozenset({'a'}),0.22844509948415623,0.8942520265291083,0.20117907148120856,0.8806451612903227,0.9847840822999323,1.0,-0.0031084216831419043,0.88599653448585,-0.019632659361012418,0.21831267493002798,-0.12867258626503197,0.5528071294708721
frozenset({'iː'}),frozenset({'a'}),0.32092851879145173,0.8942520265291083,0.2826086956521739,0.880597014925373,0.9847302424835033,1.0,-0.0043822826480668375,0.8856392778187172,-0.022325121381046656,0.30304227578032394,-0.12912787976493914,0.5983125165273754
frozenset({'uː'}),frozenset({'a'}),0.2969786293294031,0.8942520265291083,0.261238025055269,0.8796526054590571,0.98367415377663,1.0,-0.004335716058386618,0.8786893465725644,-0.023063346207286967,0.28090332805071316,-0.1380586368784631,0.5858914036772006
frozenset({'ɛ'}),"frozenset({'a', 'i'})",0.37546057479734707,0.8470891672807664,0.3124539425202653,0.8321884200196272,0.9824094701754102,1.0,-0.005594643131577315,0.9112054885432698,-0.02787086703427413,0.34331983805668015,-0.09744729654634178,0.600522222189022
frozenset({'aː'}),"frozenset({'i', 'u'})",0.30397936624907884,0.8761974944731025,0.26160648489314664,0.8606060606060606,0.9822055712720136,1.0,-0.004739474185817827,0.8881484092146996,-0.025368795872393143,0.2847974328118732,-0.12593795093795135,0.5795881438438208
"frozenset({'eː', 'iː'})",frozenset({'i'}),0.20412675018422993,0.9336772291820191,0.18717759764185704,0.9169675090252707,0.9821033226103334,1.0,-0.003410900872084982,0.7987568485469865,-0.022384096991814064,0.19689922480620156,-0.2519454472523067,0.5587205343074262
frozenset({'iː'}),frozenset({'i'}),0.32092851879145173,0.9336772291820191,0.29403095062638174,0.9161882893226178,0.9812687518632931,1.0,-0.005612699564310486,0.7913305942802932,-0.027341579941483597,0.30609896432681244,-0.26369434876897374,0.6155527081972205
"frozenset({'oː', 'uː'})",frozenset({'i'}),0.18349299926308033,0.9336772291820191,0.16801768607221812,0.9156626506024096,0.9807057749545934,1.0,-0.0033055490540329913,0.7863985682703443,-0.0235281839581618,0.17701863354037264,-0.27161981258366796,0.5478076473217257
frozenset({'ə'}),frozenset({'i'}),0.22844509948415623,0.9336772291820191,0.20891672807663964,0.914516129032258,0.9794778114418107,1.0,-0.004377259429938052,0.7758512812669455,-0.02643783721731143,0.219172787011983,-0.28890681003584273,0.569136517554803
"frozenset({'iː', 'ɔ'})",frozenset({'i'}),0.11201179071481208,0.9336772291820191,0.10243183492999262,0.9144736842105262,0.9794323515972251,1.0,-0.002151023460329346,0.7754662434102371,-0.02310213699141479,0.10859375,-0.2895467836257317,0.5120908278984754
"frozenset({'a', 'eː'})",frozenset({'i'}),0.19344141488577746,0.9336772291820191,0.17686072218128224,0.9142857142857143,0.979231029428346,1.0,-0.0037511220783198462,0.77376565954311,-0.025622478787035757,0.1861186506397829,-0.292380952380952,0.5518547750591949
frozenset({'uː'}),frozenset({'i'}),0.2969786293294031,0.9336772291820191,0.27081798084008846,0.9119106699751861,0.976687276366478,1.0,-0.006464202918462558,0.7529035673139801,-0.032837377258112685,0.2821497120921306,-0.3281913427074709,0.6009829592969853
"frozenset({'ɛ', 'iː'})",frozenset({'u'}),0.12122328666175387,0.8876197494473103,0.10501105379513632,0.8662613981762917,0.9759374988171255,1.0,-0.0025891295387491103,0.8402977825417021,-0.02729122662407919,0.11618426416632693,-0.19005431262145728,0.4922838746796776
frozenset({'iː'}),"frozenset({'a', 'i'})",0.32092851879145173,0.8470891672807664,0.26529108327192336,0.8266360505166475,0.9758548243158682,1.0,-0.006563988467777282,0.882022088069221,-0.035155008801658415,0.2938775510204081,-0.13375845517546733,0.5699078469199157
"frozenset({'oː', 'aː'})",frozenset({'u'}),0.18349299926308033,0.8876197494473103,0.15880619012527636,0.8654618473895583,0.9750367180636202,1.0,-0.004065819905954476,0.8353039518692468,-0.03040270282342703,0.17407108239095317,-0.19716900388438927,0.5221871295893412
"frozenset({'eː', 'uː'})",frozenset({'i'}),0.19086219602063376,0.9336772291820191,0.1735445836403832,0.9092664092664092,0.9738551834053017,1.0,-0.004659102695757533,0.7309616017811507,-0.03211389493502926,0.18248740798140256,-0.36806091806091784,0.5475692740886111
frozenset({'uː'}),"frozenset({'a', 'i'})",0.2969786293294031,0.8470891672807664,0.24465733235077378,0.8238213399503722,0.9725320211506351,1.0,-0.006910047468053709,0.8679305012091708,-0.038623170259749234,0.2720196640721016,-0.1521659840353975,0.5563212832853209
"frozenset({'ɛ', 'iː'})",frozenset({'i'}),0.12122328666175387,0.9336772291820191,0.10980103168754606,0.9057750759878419,0.9701158469735608,1.0,-0.00338239071513792,0.703877148358571,-0.033866924762521046,0.11617933723196881,-0.4207024653833162,0.511687853700314
"frozenset({'a', 'eː'})",frozenset({'u'}),0.19344141488577746,0.8876197494473103,0.16654384672070743,0.8609523809523809,0.9699563146138488,1.0,-0.00515857349293955,0.808214130687152,-0.03698274813246725,0.18211120064464142,-0.23729586260733854,0.5242910514143391
"frozenset({'oː', 'eː'})",frozenset({'i'}),0.1941783345615328,0.9336772291820191,0.17575534266764922,0.9051233396584439,0.969417815245863,1.0,-0.005544546712941828,0.6990420044215179,-0.03767392132570882,0.18459752321981426,-0.4305292009276833,0.5466816382585826
frozenset({'ə'}),"frozenset({'a', 'i'})",0.22844509948415623,0.8470891672807664,0.1875460574797347,0.8209677419354838,0.9691633108364084,1.0,-0.005967311611671022,0.8540965431164395,-0.03960533429446744,0.21120331950207472,-0.17082782743878802,0.5211841754479507
"frozenset({'ɛ', 'iː'})",frozenset({'a'}),0.12122328666175387,0.8942520265291083,0.10501105379513632,0.8662613981762917,0.9686993962301013,1.0,-0.0033931159646560932,0.7907064379982577,-0.03546524992975913,0.11533791987049775,-0.2646918653294226,0.49184516138728057
frozenset({'eː'}),"frozenset({'a', 'i'})",0.21554900515843772,0.8470891672807664,0.17686072218128224,0.8205128205128205,0.9686262700616767,1.0,-0.005728505106576409,0.8519317822928726,-0.039652669119409165,0.1996672212978369,-0.17380290392338638,0.5146496246974716
"frozenset({'oː', 'eː'})",frozenset({'u'}),0.1941783345615328,0.8876197494473103,0.1669123065585851,0.8595825426944971,0.9684130431186654,1.0,-0.005444218113018623,0.80032962217929,-0.038902341067042406,0.18244059605316149,-0.24948517746601634,0.5238136872874727
"frozenset({'ɛ', 'uː'})",frozenset({'i'}),0.11495946941783346,0.9336772291820191,0.10390567428150331,0.9038461538461537,0.9680499058952097,1.0,-0.0034293645927745003,0.6897568165070004,-0.035950949583276465,0.10998439937597504,-0.44978632478632546,0.5075663286989254
frozenset({'oː'}),frozenset({'i'}),0.210759027266028,0.9336772291820191,0.1901252763448784,0.9020979020979022,0.9661774689399,1.0,-0.00665562825796423,0.6774397304979483,-0.042470908675071126,0.19922779922779926,-0.4761460761460738,0.5528642628090142
frozenset({'iː'}),"frozenset({'i', 'u'})",0.32092851879145173,0.8761974944731025,0.2715549005158438,0.8461538461538463,0.9657113282008153,1.0,-0.009641863554190166,0.8047162859248345,-0.04968827637931823,0.29339171974522293,-0.2426739926739922,0.5780390761467297
frozenset({'iː'}),frozenset({'u'}),0.32092851879145173,0.8876197494473103,0.2748710390567428,0.8564867967853043,0.9649253493048218,1.0,-0.009991452383421973,0.7830655858511422,-0.05080867920907054,0.2943962115232833,-0.27703224106453866,0.5830794299410125
frozenset({'ɪ'}),frozenset({'a'}),0.14959469417833457,0.8942520265291083,0.12896094325718496,0.8620689655172413,0.96401119588537,1.0,-0.004814415169792918,0.7666728076639646,-0.04205335945411983,0.1409585179218687,-0.304337378349153,0.5031399627751019
"frozenset({'eː', 'iː'})",frozenset({'u'}),0.20412675018422993,0.8876197494473103,0.1746499631540162,0.855595667870036,0.9639213958486001,1.0,-0.006536971700003669,0.7782332350773762,-0.04491646377298316,0.19043792687826433,-0.28496182754335153,0.5261789049188287
frozenset({'ʊ'}),frozenset({'a'}),0.14075165806927045,0.8942520265291083,0.12122328666175387,0.8612565445026178,0.9631027036588813,1.0,-0.004644168804023338,0.7621835069034081,-0.042683383326928025,0.13266129032258064,-0.3120199937975442,0.4984074234668013
frozenset({'iː'}),"frozenset({'a', 'u'})",0.32092851879145173,0.8036109064112011,0.2483419307295505,0.7738231917336396,0.9629326650000448,1.0,-0.009559727149652225,0.8682989873900703,-0.053645559147247605,0.28343145500420525,-0.1516770312099477,0.5414278728040045
"frozenset({'oː', 'a'})",frozenset({'u'}),0.1864406779661017,0.8876197494473103,0.159174649963154,0.8537549407114624,0.9618476168912033,1.0,-0.0063137778999038385,0.7684379294548783,-0.046489170920127006,0.17398308497784934,-0.3013412816691511,0.5165412312523688
frozenset({'oː'}),"frozenset({'a', 'i'})",0.210759027266028,0.8470891672807664,0.17170228445099484,0.8146853146853147,0.9617468221208978,1.0,-0.006829404452689175,0.8251414746736,-0.04797820837100717,0.19376299376299375,-0.2119133878170026,0.5086910696958544
frozenset({'eː'}),"frozenset({'a', 'u'})",0.21554900515843772,0.8036109064112011,0.16654384672070743,0.7726495726495727,0.9614722329990556,1.0,-0.0066736846906973735,0.8638166898454688,-0.04859980325567366,0.19533275713050996,-0.15765302031718506,0.4899469779799904
frozenset({'eː'}),frozenset({'i'}),0.21554900515843772,0.9336772291820191,0.19307295504789979,0.8957264957264958,0.9593534764805484,1.0,-0.008180242841371088,0.6360462447298169,-0.05124293064591555,0.20192678227360308,-0.5722127255460574,0.5512570915885833
"frozenset({'oː', 'iː'})",frozenset({'u'}),0.1993367722918202,0.8876197494473103,0.16912306558585113,0.8484288354898336,0.9558471812035734,1.0,-0.007812190291449861,0.7414355554756724,-0.054545713066970196,0.18426334805299077,-0.3487348868216119,0.5194821636975943
frozenset({'eː'}),frozenset({'u'}),0.21554900515843772,0.8876197494473103,0.18165070007369197,0.8427350427350427,0.9494325055968892,1.0,-0.009674853878657519,0.7145918105796033,-0.06357885909034137,0.19712115153938423,-0.3994003082527674,0.5236921373907675
frozenset({'eː'}),"frozenset({'i', 'u'})",0.21554900515843772,0.8761974944731025,0.17907148120854827,0.8307692307692308,0.9481529404153458,1.0,-0.009792017047444701,0.7315602599316674,-0.06516506749064886,0.19620508679854662,-0.36694139194139197,0.517571326906903
frozenset({'oː'}),frozenset({'u'}),0.210759027266028,0.8876197494473103,0.17686072218128224,0.8391608391608392,0.9454057772862255,1.0,-0.010213152794348368,0.6987119925667232,-0.06817909928329838,0.1919232307077169,-0.4312048607130576,0.5192068205766835
frozenset({'oː'}),"frozenset({'i', 'u'})",0.210759027266028,0.8761974944731025,0.17428150331613854,0.826923076923077,0.9437633434689785,1.0,-0.01038502831194349,0.7153033652665193,-0.07019987886129628,0.1909568025837707,-0.3980082417582417,0.5129148605809666
frozenset({'oː'}),"frozenset({'a', 'u'})",0.210759027266028,0.8036109064112011,0.159174649963154,0.7552447552447552,0.9398139686998008,1.0,-0.010193602972441818,0.8023897252342352,-0.07505187779630323,0.1861266695389918,-0.24627717498261584,0.47665951654947525
frozenset({'ɪ'}),frozenset({'u'}),0.14959469417833457,0.8876197494473103,0.10722181282240235,0.7167487684729064,0.807495291671012,1.0,-0.025561392142817982,0.3967511454294959,-0.21895365550733348,0.11529318541996832,-1.5204716143099417,0.41877288984043826
frozenset({'ʊ'}),frozenset({'i'}),0.14075165806927045,0.9336772291820191,0.10574797347089167,0.7513089005235601,0.8046773307107112,1.0,-0.02566864463799974,0.2666873521312494,-0.2202704245567679,0.10916698364397111,-2.749709133216985,0.4322842845159237
